"pkey","userid","datecreated","TaskOwner","Taskname","datedue","Status","Priority","frequency","taskdetails","alertedbymail","lastactivity","time_from","time_to","location"
"40","Sarah","4/11/2022 4:53:05 PM","Sarah","SYSTEM MNGT","4/11/2022 12:00:00 AM","4","0","1","in progress","","4/13/2022 8:44:40 AM","","",""
"41","Lucybriate","4/12/2022 5:27:34 PM","Lucybriate","SALE INVOICING","4/11/2022 12:00:00 AM","4","0","0","complete","","4/20/2022 10:20:27 AM","","",""
"42","Lucybriate","4/12/2022 5:36:05 PM","Lucybriate","MY TASK ","4/12/2022 12:00:00 AM","1","0","0","1. Preparation of Uganda order which will be competed on 14/4/2022
2. preparation of PF4 of 7 drums
3. receiving purchases from Imcd, Protea, Asl and Corrugated
4. invoicing Hasco company","","4/12/2022 5:36:05 PM","","",""
"43","Mary","4/13/2022 8:24:08 AM","Mary","Posting payment vouchers","4/13/2022 12:00:00 AM","4","1","1","Completed","","4/20/2022 10:20:32 AM","","",""
"44","Elias","4/13/2022 8:43:25 AM","Elias","Production and Qualitative Test","4/11/2022 12:00:00 AM","4","0","0","Production and Testing Done.","","4/13/2022 11:12:22 AM","","",""
"45","Sarah","4/13/2022 8:44:40 AM","Sarah","SYSTEM MNGT","4/12/2022 12:00:00 AM","4","0","1","VAT - DONE
SYSTEM IN PROGRESS","","4/13/2022 8:47:24 AM","","",""
"46","Mary","4/13/2022 8:45:07 AM","Mary","Petty cash","4/13/2022 12:00:00 AM","4","0","0","Complete","","4/20/2022 10:29:36 AM","","",""
"47","Sarah","4/13/2022 8:47:24 AM","Sarah","SYSTEM MNGT","4/13/2022 12:00:00 AM","4","0","0","System Mngt","","4/19/2022 8:31:35 AM","","",""
"48","Mary","4/13/2022 8:47:48 AM","Mary","Account receivable ","4/13/2022 12:00:00 AM","0","0","1","Posting payment made by customers","","4/13/2022 8:47:48 AM","","",""
"49","Mary","4/13/2022 8:56:49 AM","Mary","Account payable ","4/13/2022 12:00:00 AM","0","1","1","Reconciling account payables","","4/13/2022 8:56:49 AM","","",""
"50","Elias","4/13/2022 11:07:13 AM","Elias","Heating and Decanting of bLOWN","4/12/2022 12:00:00 AM","4","1","1","1.Blown bitumen decanting and heating-Musungu and Musyoka(Done) 2.Sample dispatch K1-60 as requested by lucy (40 litre)-Musungu and Elias.(Done) 3.Qualitative and Quantitive check of delivered White Spirit,Turpentine ,Redcotte EM-44.(Done)","","4/13/2022 6:49:57 PM","","",""
"51","Mary","4/13/2022 11:10:31 AM","Mary","Account Receivable","4/13/2022 12:00:00 AM","1","1","1","Reconciling account receivables","","4/13/2022 11:10:31 AM","","",""
"57","Elias","4/13/2022 6:49:57 PM","Elias","Heating and Decanting of bLOWN","4/12/2022 12:00:00 AM","4","1","1","Done.","","4/13/2022 7:06:10 PM","","",""
"53","Elias","4/13/2022 11:12:22 AM","Elias","Production and Qualitative Test","4/11/2022 12:00:00 AM","4","0","0","Done","","5/25/2022 9:04:54 AM","","",""
"58","Elias","4/13/2022 6:59:23 PM","Elias","Production and quality product test.","4/13/2022 12:00:00 AM","4","0","0","1.RC-2 40 Litres requested -Elias and Musungu (Done)
2.Production of PF4 And Quality Test-Musyoka,Musungu ,Elias and the Team(Done)
 3.Mc-30 loading on drums -Musyoka and the Team(Done)
 4.Testing of Mc-30 -Elias(Done)
 5.Cutback PF4 Requested by Mugure 20 litres -Elias (Done)
6.Testing of The Cut back P4F-Bucket -Elias(Done) 
7.Bitushield 7 production and Quality Check -Wafula and Elias(Done)","","4/13/2022 7:02:38 PM","","",""
"59","Elias","4/13/2022 7:02:38 PM","Elias","Production and quality product test.","4/13/2022 12:00:00 AM","4","0","0","Done","","5/25/2022 9:03:30 AM","","",""
"60","Elias","4/13/2022 7:06:10 PM","Elias","Heating and Decanting of bLOWN","4/12/2022 12:00:00 AM","4","1","1","Done","","5/25/2022 9:02:44 AM","","",""
"61","Elias","4/14/2022 5:07:20 PM","Elias","PF4-Cut back","4/14/2022 12:00:00 AM","4","0","0","Done","","5/25/2022 9:01:43 AM","","",""
"62","Sarah","4/19/2022 8:31:35 AM","Sarah","SYSTEM MNGT","4/14/2022 12:00:00 AM","4","0","0","System mngt","","4/20/2022 8:35:58 AM","","",""
"63","Sarah","4/20/2022 8:35:58 AM","Sarah","SYSTEM MNGT","4/15/2022 12:00:00 AM","4","0","0","Complete","","4/21/2022 8:23:35 AM","","",""
"64","Sarah","4/20/2022 8:37:16 AM","Sarah","Sytem mngt","4/19/2022 12:00:00 AM","4","0","0","Company returns prep","","4/21/2022 8:25:35 AM","","",""
"65","Mary","4/20/2022 10:20:26 AM","Mary","Posting payment vouchers","4/14/2022 12:00:00 AM","4","1","1","completed","","4/26/2022 8:29:47 AM","","",""
"66","Lucybriate","4/20/2022 10:20:27 AM","Lucybriate","SALE INVOICING","4/11/2022 12:00:00 AM","0","0","0","complete","","4/20/2022 10:20:27 AM","","",""
"67","Mary","4/20/2022 10:20:32 AM","Mary","Posting payment vouchers","4/14/2022 12:00:00 AM","4","1","1","Completed","","4/20/2022 10:21:55 AM","","",""
"68","Mary","4/20/2022 10:21:55 AM","Mary","Posting payment vouchers","4/15/2022 12:00:00 AM","4","1","1","Completed","","4/20/2022 10:23:16 AM","","",""
"69","Mary","4/20/2022 10:23:10 AM","Mary","Posting payment vouchers","4/17/2022 12:00:00 AM","0","1","1","Completed","","4/20/2022 10:23:10 AM","","",""
"70","Mary","4/20/2022 10:23:16 AM","Mary","Posting payment vouchers","4/17/2022 12:00:00 AM","4","1","1","Completed","","4/20/2022 10:24:19 AM","","",""
"71","Mary","4/20/2022 10:24:19 AM","Mary","Posting payment vouchers","4/20/2022 12:00:00 AM","1","1","1","completed&lt;p&gt;&lt;u&gt;Previous Status on 2022-04-26 08:52:39&lt;/u&gt;&lt;/p&gt;In progress&lt;p&gt;&lt;u&gt;Previous Status on 2022-04-20 10:26:25&lt;/u&gt;&lt;/p&gt;Completed","","4/20/2022 10:24:19 AM","","",""
"72","Mary","4/20/2022 10:29:36 AM","Mary","Petty cash","4/14/2022 12:00:00 AM","4","0","0","Yet to Complete","","4/20/2022 10:32:24 AM","","",""
"73","Mary","4/20/2022 10:32:24 AM","Mary","Petty cash","4/15/2022 12:00:00 AM","4","0","0","In progress","","4/20/2022 10:33:19 AM","","",""
"74","Mary","4/20/2022 10:33:19 AM","Mary","Petty cash","4/19/2022 12:00:00 AM","4","0","0","Taking longer than expected","","4/20/2022 10:36:27 AM","","",""
"75","Mary","4/20/2022 10:36:27 AM","Mary","Petty cash","4/20/2022 12:00:00 AM","4","0","0","Completed","","4/26/2022 8:33:24 AM","","",""
"76","Sarah","4/21/2022 8:23:35 AM","Sarah","SYSTEM MNGT","4/20/2022 12:00:00 AM","4","0","0","completed","","4/25/2022 11:49:09 AM","","",""
"77","Sarah","4/21/2022 8:25:35 AM","Sarah","Sytem mngt","4/19/2022 12:00:00 AM","4","0","0","complete","","4/21/2022 8:28:09 AM","","",""
"78","Sarah","4/21/2022 8:28:09 AM","Sarah","Sytem mngt","4/19/2022 12:00:00 AM","0","0","0","completed&lt;p&gt;&lt;u&gt;Previous Status on 2022-04-25 11:50:00&lt;/u&gt;&lt;/p&gt;complete","","4/21/2022 8:28:09 AM","","",""
"79","Rose","4/21/2022 4:24:52 PM","Rose","Accounts Reconciliation","4/21/2022 12:00:00 AM","1","0","7","Customers and Suppliers accounts reconciliations for the period ending March 2022","","4/21/2022 4:24:52 PM","","",""
"80","admin","4/22/2022 4:00:49 PM","admin","Testinf CA certificate","4/22/2022 12:00:00 AM","0","0","0","Testing certiificate","","4/22/2022 4:00:49 PM","2022-04-22T08:05:00+03:00","2022-04-22T13:01:00+03:00","QBPL"
"81","Lucybriate","4/22/2022 4:11:35 PM","Lucybriate","Thursday Activities","4/21/2022 12:00:00 AM","1","0","0","Preparation to load MC-30 and K1-70 to China Wuyi Kiangwachi And China State by drumming the products
","","4/22/2022 4:11:35 PM","2022-04-21T08:00:00+03:00","2022-04-21T17:00:00+03:00","QBPL"
"82","Elias","4/22/2022 5:01:09 PM","Elias","testing ductility and softening point of 80/100","4/22/2022 12:00:00 AM","4","1","1","done","","4/22/2022 5:02:38 PM","2022-04-22T12:00:00+03:00","2022-04-22T17:15:00+03:00",""
"83","Elias","4/22/2022 5:02:39 PM","Elias","testing ductility and softening point of 80/100","4/22/2022 12:00:00 AM","4","1","1","Done","","5/25/2022 9:00:02 AM","","",""
"84","Sarah","4/25/2022 11:49:09 AM","Sarah","SYSTEM MNGT","4/21/2022 12:00:00 AM","0","0","1","completed&lt;p&gt;&lt;u&gt;Previous Status on 2022-04-26 08:52:50&lt;/u&gt;&lt;/p&gt;completed&lt;p&gt;&lt;u&gt;Previous Status on 2022-04-26 08:51:49&lt;/u&gt;&lt;/p&gt;in progress&lt;p&gt;&lt;u&gt;Previous Status on 2022-04-25 11:57:32&lt;/u&gt;&lt;/p&gt;completed&lt;p&gt;&lt;u&gt;Previous Status on 2022-04-25 11:54:22&lt;/u&gt;&lt;/p&gt;completed&lt;p&gt;&lt;u&gt;Previous Status on 2022-04-25 11:50:59&lt;/u&gt;&lt;/p&gt;completed","","4/25/2022 11:49:09 AM","","",""
"85","Elias","4/25/2022 4:56:36 PM","Elias","bitushield type 7 production","4/25/2022 12:00:00 AM","4","0","0","Done","","4/25/2022 4:58:20 PM","2022-04-25T09:00:00+03:00","2022-04-25T16:00:00+03:00",""
"86","Elias","4/25/2022 4:58:21 PM","Elias","bitushield type 7 production","4/25/2022 12:00:00 AM","4","0","0","Done","","5/25/2022 8:59:11 AM","","",""
"87","Mary","4/26/2022 8:29:47 AM","Mary","Posting payment vouchers","4/15/2022 12:00:00 AM","4","1","1","completed","","4/26/2022 8:42:58 AM","","",""
"88","Mary","4/26/2022 8:33:24 AM","Mary","Petty cash","4/21/2022 12:00:00 AM","4","0","0","completed","","4/26/2022 8:35:56 AM","","",""
"89","Mary","4/26/2022 8:35:56 AM","Mary","Petty cash","4/22/2022 12:00:00 AM","4","0","0","Completed","","4/26/2022 8:37:58 AM","","",""
"90","Mary","4/26/2022 8:37:58 AM","Mary","Petty cash","4/23/2022 12:00:00 AM","1","0","1","completed&lt;p&gt;&lt;u&gt;Previous Status on 2022-04-26 08:55:11&lt;/u&gt;&lt;/p&gt;In progress&lt;p&gt;&lt;u&gt;Previous Status on 2022-04-26 08:40:42&lt;/u&gt;&lt;/p&gt;Completed&lt;p&gt;&lt;u&gt;Previous Status on 2022-04-26 08:39:24&lt;/u&gt;&lt;/p&gt;Completed","","4/26/2022 8:37:58 AM","","",""
"91","Mary","4/26/2022 8:42:58 AM","Mary","Posting payment vouchers","4/16/2022 12:00:00 AM","4","1","1","Completed","","4/26/2022 8:43:52 AM","","",""
"92","Mary","4/26/2022 8:43:52 AM","Mary","Posting payment vouchers","4/17/2022 12:00:00 AM","4","1","1","Completed","","4/26/2022 8:45:16 AM","","",""
"119","Elias","5/10/2022 5:44:05 PM","Elias","A4-60 heating and stock taking","5/9/2022 12:00:00 AM","4","0","0","Done","","5/10/2022 5:51:46 PM","2022-05-09T08:00:00+03:00","2022-05-09T16:40:00+03:00",""
"94","Elias","4/28/2022 11:07:36 AM","Elias","production and quality test","4/26/2022 12:00:00 AM","4","0","0","All done","","4/28/2022 11:09:16 AM","2022-04-26T09:00:00+03:00","2022-04-26T16:00:00+03:00",""
"120","Elias","5/10/2022 5:47:30 PM","Elias","Analysis and stock taking and recording","5/10/2022 12:00:00 AM","4","0","0","Done","","5/10/2022 5:52:46 PM","2022-05-10T08:30:00+03:00","2022-05-10T13:00:00+03:00",""
"96","Elias","4/28/2022 11:15:38 AM","Elias","pf4 cutback","4/27/2022 12:00:00 AM","4","0","0","Done","","4/28/2022 11:16:34 AM","2022-04-27T12:00:00+03:00","2022-04-27T13:00:00+03:00",""
"121","Rose","5/11/2022 4:11:17 PM","Rose","Office Messenger","5/9/2022 12:00:00 AM","3","0","0","Delivery of KRA response letter to Sameer business park Mombasa road.","","5/11/2022 4:11:17 PM","2022-05-09T09:30:00+03:00","2022-05-09T12:30:00+03:00","Mombasa road"
"98","Elias","4/28/2022 5:27:29 PM","Elias","bitushield types 5 and 3 production","4/28/2022 12:00:00 AM","4","0","0","
bitushield types 5 and 3 production-wafula and the team(done) quality check and review -Marangi and Abiigael(done)","","4/28/2022 5:29:33 PM","2022-04-28T08:30:00+03:00","2022-04-28T13:00:00+03:00",""
"99","Elias","4/28/2022 5:29:33 PM","Elias","bitushield types 5 and 3 production","4/28/2022 12:00:00 AM","4","0","0","Done","","5/10/2022 5:49:29 PM","","",""
"100","Rose","5/4/2022 3:51:07 PM","Rose","Accounts reconciliation","5/4/2022 12:00:00 AM","2","0","7","Purchases and sales accounts reconciliation","","5/4/2022 3:51:07 PM","2022-05-04T09:00:00+03:00","2022-05-04T13:00:00+03:00",""
"101","Rose","5/4/2022 4:11:34 PM","Rose","Filing","5/4/2022 12:00:00 AM","3","0","0","Filing","","5/4/2022 4:11:34 PM","2022-05-04T13:00:00+03:00","2022-05-04T17:00:00+03:00","Office"
"102","Elias","5/5/2022 5:35:42 PM","Elias","Inspection ,Cleaning Buckets and Batch No installation","5/4/2022 12:00:00 AM","4","0","0","Done","","5/5/2022 5:46:19 PM","2022-05-04T08:34:00+03:00","2022-05-04T14:35:00+03:00","QBPL STORES "
"122","Elias","5/11/2022 5:52:45 PM","Elias","bitushield production","5/11/2022 12:00:00 AM","4","0","0","Done","","5/11/2022 5:53:42 PM","2022-05-11T09:00:00+03:00","2022-05-11T17:00:00+03:00",""
"104","Lucybriate","5/9/2022 12:58:23 PM","Lucybriate","Loading","5/6/2022 12:00:00 AM","3","0","0","Loading and invoicing
Empa-25 drums of k1 -60
China wu-yi kiangwachi- 50 drums of k1-70
New Nille Impex(uganda) -bitushield buckets
Lokinzo enterprise -14 buckets of bitushield no. 3","","5/9/2022 12:58:23 PM","2022-05-06T08:00:00+03:00","2022-05-06T17:00:00+03:00","qbpl yard"
"123","Mary","5/12/2022 8:07:31 AM","Mary","Account receivable recon","5/12/2022 12:00:00 AM","1","0","0","Reconciling customers","","5/12/2022 8:07:31 AM","2022-05-12T08:06:00+03:00","2022-05-12T14:00:00+03:00",""
"124","Mary","5/12/2022 8:52:18 AM","Mary","Pettycash","5/12/2022 12:00:00 AM","1","0","0","Issuing and recording pettycash","","5/12/2022 8:52:18 AM","2022-05-12T08:50:00+03:00","2022-05-12T16:01:00+03:00",""
"125","Elias","5/14/2022 10:49:42 AM","Elias","Production of K1-60","5/13/2022 12:00:00 AM","4","0","0","Done","","5/25/2022 8:58:31 AM","2022-05-13T08:30:00+03:00","2022-05-13T18:40:00+03:00",""
"126","Mary","5/16/2022 8:39:00 AM","Mary","Pettycash","5/16/2022 12:00:00 AM","1","0","0","Posting pettycash","","5/16/2022 8:39:00 AM","2022-05-16T08:38:00+03:00","2022-05-16T16:00:00+03:00",""
"127","Mugure","5/19/2022 1:09:50 PM","Mugure","PAYMENT FOLLOW UP","5/12/2022 12:00:00 AM","1","2","0","Payment will be made by Tuesday on 24th May as per Mectro statement ","","5/19/2022 1:09:50 PM","2022-05-12T00:00:00+03:00","2022-05-12T00:01:00+03:00","MECTRO INDUSTRIAL"
"128","Mugure","5/19/2022 1:12:27 PM","Mugure","Order follow up","5/19/2022 12:00:00 AM","1","1","0","Had a meeting with Mr.Maina on follow up on ongoing project at Mwai Kibaki hospital road in Othaya","","5/19/2022 1:12:27 PM","2022-05-19T00:00:00+03:00","2022-05-19T00:02:00+03:00","Benisa"
"129","Sarah","5/19/2022 3:10:40 PM","Sarah","Statutory Payroll","5/4/2022 12:00:00 AM","3","0","0","Welcap and QBPL","","5/19/2022 3:10:40 PM","2022-05-04T08:07:00+03:00","2022-05-04T17:19:00+03:00","QBPL"
"130","Sarah","5/19/2022 3:12:06 PM","Sarah","Petty Cash Mngt","5/5/2022 12:00:00 AM","3","0","0","Monthly Petty cash recon","","5/19/2022 3:12:06 PM","2022-05-05T08:07:00+03:00","2022-05-05T17:25:00+03:00","QBPL"
"131","Sarah","5/19/2022 3:15:41 PM","Sarah","Pettycash","5/6/2022 12:00:00 AM","3","0","0","Reconciliation ","","5/19/2022 3:15:41 PM","2022-05-06T08:12:00+03:00","2022-05-06T17:20:00+03:00","QBPL"
"132","Mary","5/19/2022 3:15:51 PM","Mary","Payment vouchers","5/19/2022 12:00:00 AM","0","0","0","posting payment vouchers","","5/19/2022 3:15:51 PM","2022-05-19T08:20:00+03:00","2022-05-19T16:16:00+03:00",""
"133","Sarah","5/19/2022 3:17:32 PM","Sarah","Office Mngt","5/7/2022 12:00:00 AM","3","0","0","Sales and front office mngt","","5/19/2022 3:17:32 PM","2022-05-07T08:04:00+03:00","2022-05-07T13:30:00+03:00","QBPL"
"134","Sarah","5/19/2022 3:20:51 PM","Sarah","Reconcilliation","5/9/2022 12:00:00 AM","3","0","0","Petty Cash Recon","","5/19/2022 3:20:51 PM","2022-05-09T08:20:00+03:00","2022-05-09T17:45:00+03:00","QBPL"
"135","Mary","5/19/2022 3:24:40 PM","Mary","Account receivable","5/19/2022 12:00:00 AM","0","0","0","Account reconciliation","","5/19/2022 3:24:40 PM","2022-05-19T09:23:00+03:00","2022-05-19T16:23:00+03:00",""
"136","Mary","5/19/2022 3:26:33 PM","Mary","Pettycash","5/19/2022 12:00:00 AM","0","0","0","Posting pettycash in the system","","5/19/2022 3:26:33 PM","2022-05-19T10:27:00+03:00","2022-05-19T16:06:00+03:00",""
"137","Sarah","5/19/2022 3:29:52 PM","Sarah","Petty Cash Mngt","5/10/2022 12:00:00 AM","3","0","0","System Mngt","","5/19/2022 3:29:52 PM","2022-05-10T08:27:00+03:00","2022-05-10T17:45:00+03:00","QBPL"
"138","Sarah","5/19/2022 3:34:03 PM","Sarah","Accounts Receivable","5/11/2022 12:00:00 AM","3","0","0","System Mngt","","5/19/2022 3:34:03 PM","2022-05-11T08:32:00+03:00","2022-05-11T18:33:00+03:00","QBPL"
"139","Sarah","5/19/2022 3:35:15 PM","Sarah","NHIF","5/19/2022 12:00:00 AM","3","0","0","Nhif member status confirmation","","5/19/2022 3:35:15 PM","2022-05-19T10:34:00+03:00","2022-05-19T14:34:00+03:00","QBPL"
"140","Sarah","5/19/2022 3:36:39 PM","Sarah","Front Office","5/18/2022 12:00:00 AM","3","0","0","Office Mngt","","5/19/2022 3:36:39 PM","2022-05-18T08:03:00+03:00","2022-05-18T17:37:00+03:00","QBPL"
"141","Sarah","5/19/2022 3:38:57 PM","Sarah","Bank ","5/17/2022 12:00:00 AM","3","0","0","Absa IM Recon","","5/19/2022 3:38:57 PM","2022-05-17T08:14:00+03:00","2022-05-17T17:39:00+03:00","QBPL"
"142","Sarah","5/19/2022 3:40:43 PM","Sarah","MEETING","5/16/2022 12:00:00 AM","3","0","0","Management meeting","","5/19/2022 3:40:43 PM","2022-05-16T10:23:00+03:00","2022-05-16T11:39:00+03:00","QBPL"
"143","Sarah","5/19/2022 3:42:57 PM","Sarah","Bank","5/16/2022 12:00:00 AM","3","0","0","Bank Recon absa and Recon","","5/19/2022 3:42:57 PM","2022-05-16T08:41:00+03:00","2022-05-16T17:41:00+03:00","QBPL"
"144","Sarah","5/19/2022 3:44:49 PM","Sarah","Uganda","5/18/2022 12:00:00 AM","3","0","0","Customer Reconciliation","","5/19/2022 3:44:49 PM","2022-05-18T08:44:00+03:00","2022-05-18T17:44:00+03:00","QBPL"
"145","Sarah","5/19/2022 3:48:43 PM","Sarah","KRA","5/14/2022 12:00:00 AM","3","0","0","Filing KRA","","5/19/2022 3:48:43 PM","2022-05-14T08:30:00+03:00","2022-05-14T14:48:00+03:00","QBPL"
"146","Sarah","5/19/2022 4:14:50 PM","Sarah","Reconcilliation","5/13/2022 12:00:00 AM","3","0","0","Bank Reconciliation","","5/19/2022 4:14:50 PM","2022-05-13T08:20:00+03:00","2022-05-13T17:52:00+03:00","QBPL"
"147","Sarah","5/19/2022 5:14:16 PM","Sarah","Vendor ","4/23/2022 12:00:00 AM","3","0","0","System reconciliation","","5/19/2022 5:14:16 PM","2022-04-23T08:13:00+03:00","2022-04-23T17:54:00+03:00","QBPL"
"148","Sarah","5/19/2022 5:17:16 PM","Sarah","Payable Recon","4/25/2022 12:00:00 AM","3","0","0","Vendor reconciliation","","5/19/2022 5:17:16 PM","2022-04-25T08:15:00+03:00","2022-04-25T17:40:00+03:00","QBPL"
"149","Sarah","5/19/2022 5:18:50 PM","Sarah","System Mngt","4/26/2022 12:00:00 AM","3","0","0","Customer Recon","","5/19/2022 5:18:50 PM","2022-04-26T08:08:00+03:00","2022-04-26T17:30:00+03:00","QBPL"
"150","Sarah","5/19/2022 5:27:04 PM","Sarah","Accounts Payable","4/27/2022 12:00:00 AM","3","0","0","Payable Reconciliation","","5/19/2022 5:27:04 PM","2022-04-27T08:20:00+03:00","2022-04-27T17:20:00+03:00","QBPL"
"151","Sarah","5/19/2022 5:29:01 PM","Sarah","Office","5/30/2022 12:00:00 AM","3","0","0","Sales and Front Office Management","","5/19/2022 5:29:01 PM","2022-05-30T08:08:00+03:00","2022-05-30T13:30:00+03:00","QBPL"
"152","Sarah","5/19/2022 5:30:24 PM","Sarah","Office","4/30/2022 12:00:00 AM","3","0","0","Sales and front Office","","5/19/2022 5:30:24 PM","2022-04-30T08:10:00+03:00","2022-04-30T13:20:00+03:00","QBP;L"
"153","Rose","5/20/2022 11:23:14 AM","Rose","Sales","5/16/2022 12:00:00 AM","3","0","0","Meeting with a client,Issued 20pcs Bitushield brochures to be distributed to building contractors in Mombasa.","","5/20/2022 11:23:14 AM","2022-05-16T14:20:00+03:00","2022-05-16T16:00:00+03:00","Kahawa West"
"154","Mugure","5/20/2022 11:27:05 AM","Mugure","Lost order","5/16/2022 12:00:00 AM","3","0","0","Follow up on Marsabit project ongoing but our price on K1-60 was too competitive, hence was higher than the offered price from the other end.
The offer was Sh.17000 per drum on own collection","","5/20/2022 11:27:05 AM","2022-05-16T10:00:00+03:00","2022-05-16T10:27:00+03:00","Pinne Agencies Ltd"
"155","Sarah","5/21/2022 10:25:10 AM","Sarah","Bank","5/20/2022 12:00:00 AM","3","0","0","Reconciliation of Bank","","5/21/2022 10:25:10 AM","2022-05-20T08:06:00+03:00","2022-05-20T17:40:00+03:00","QBPL"
"156","Rose","5/21/2022 11:51:31 AM","Rose","Sales","5/19/2022 12:00:00 AM","1","0","0","Meeting with a client from Naivasha Longonot community organization and delivery of bitushield type 7 6 tins","","5/21/2022 11:51:31 AM","2022-05-19T14:00:00+03:00","2022-05-19T16:00:00+03:00","Industrial area Kampala rd"
"157","Elias","5/25/2022 8:56:33 AM","Elias","production of A4-60 and pf4 quality testing","5/24/2022 12:00:00 AM","4","0","0","Done","","5/25/2022 8:57:33 AM","2022-05-24T09:00:00+03:00","2022-05-24T15:30:00+03:00",""
"158","Elias","5/31/2022 9:33:07 AM","Elias","bitushield and k1-60 production","5/26/2022 12:00:00 AM","4","0","0","Done","","5/31/2022 9:34:03 AM","2022-05-26T08:30:00+03:00","2022-05-26T18:30:00+03:00",""
"159","Elias","5/31/2022 9:37:56 AM","Elias","Bitushield type 7 production","5/29/2022 12:00:00 AM","4","0","0","Done","","5/31/2022 9:38:41 AM","2022-05-29T09:35:00+03:00","2022-05-29T16:40:00+03:00",""
"160","Elias","5/31/2022 9:42:59 AM","Elias","bitushield production and MC-30 quality check","5/30/2022 12:00:00 AM","4","0","0","Done","","5/31/2022 9:43:42 AM","2022-05-30T09:40:00+03:00","2022-05-30T17:15:00+03:00",""
"161","Elias","5/31/2022 9:51:21 AM","Elias","CONFIRMATION OF MC-30 QUALITY","5/30/2022 12:00:00 AM","4","0","0","Done","","5/31/2022 9:52:10 AM","2022-05-30T10:30:00+03:00","2022-05-30T16:50:00+03:00",""
"162","Sarah","6/2/2022 12:06:16 PM","Sarah","BANK","5/31/2022 12:00:00 AM","3","0","0","Bank reconciliation","","6/2/2022 12:06:16 PM","2022-05-31T08:05:00+03:00","2022-05-31T17:50:00+03:00","QBPL"
"163","Sarah","6/2/2022 12:09:42 PM","Sarah","KRA","5/30/2022 12:00:00 AM","3","0","0","KRA meeting
","","6/2/2022 12:09:42 PM","2022-05-30T08:30:00+03:00","2022-05-30T14:20:00+03:00","QBPL"
"164","Sarah","6/2/2022 12:13:30 PM","Sarah","OFFICE","5/28/2022 12:00:00 AM","3","0","0","Office mngt","","6/2/2022 12:13:30 PM","2022-05-28T08:00:00+03:00","2022-05-28T14:40:00+03:00","QBPL"
"165","Sarah","6/2/2022 12:15:46 PM","Sarah","Reconciliation","5/27/2022 12:00:00 AM","3","0","0","System Reconciliation","","6/2/2022 12:15:46 PM","2022-05-27T08:13:00+03:00","2022-05-27T17:40:00+03:00","QBPL"
"166","Sarah","6/2/2022 12:19:15 PM","Sarah","Office","5/21/2022 12:00:00 AM","3","0","0","Office Mngt","","6/2/2022 12:19:15 PM","2022-05-21T08:18:00+03:00","2022-05-21T14:40:00+03:00","QBPL"
"167","Sarah","6/2/2022 12:46:58 PM","Sarah","Petty cash","5/23/2022 12:00:00 AM","3","0","0","Reconciliation","","6/2/2022 12:46:58 PM","2022-05-23T08:19:00+03:00","2022-05-23T17:19:00+03:00","QBPL"
"168","Sarah","6/2/2022 12:50:08 PM","Sarah","Banking","5/24/2022 12:00:00 AM","3","0","0","Reconciliation bank statement","","6/2/2022 12:50:08 PM","2022-05-24T08:05:00+03:00","2022-05-24T18:08:00+03:00","QBPL"
"169","Sarah","6/2/2022 12:53:12 PM","Sarah","Reconciliation","5/25/2022 12:00:00 AM","3","0","0","Petty cash and Bank Recon","","6/2/2022 12:53:12 PM","2022-05-25T08:10:00+03:00","2022-05-25T17:56:00+03:00","QBPL"
"170","Sarah","6/2/2022 12:55:22 PM","Sarah","Receivables","5/26/2022 12:00:00 AM","3","0","0","Reconciliation","","6/2/2022 12:55:22 PM","2022-05-26T08:53:00+03:00","2022-05-26T17:59:00+03:00","QBPL"
"171","Mary","6/2/2022 1:03:56 PM","Mary","Pettycash","6/2/2022 12:00:00 AM","0","0","1","Posting petty cash","","6/2/2022 1:03:56 PM","2022-06-02T13:03:00+03:00","2022-06-02T17:00:00+03:00",""
"172","Mary","6/2/2022 1:05:15 PM","Mary","Payments","6/2/2022 12:00:00 AM","0","0","1","Posting payment vouchers","","6/2/2022 1:05:15 PM","2022-06-02T13:04:00+03:00","2022-06-02T17:01:00+03:00",""
"173","Sarah","6/6/2022 4:04:28 PM","Sarah","OFFICE","6/4/2022 12:00:00 AM","3","0","0","Office mngt","","6/6/2022 4:04:28 PM","2022-06-04T08:10:00+03:00","2022-06-04T14:40:00+03:00","QBPL"
"174","Sarah","6/6/2022 4:20:29 PM","Sarah","Welcap","6/3/2022 12:00:00 AM","3","0","0","Welcap mngt","","6/6/2022 4:20:29 PM","2022-06-03T07:18:00+03:00","2022-06-03T17:23:00+03:00","QBPL"
"175","Sarah","6/6/2022 4:22:41 PM","Sarah","Payroll","6/2/2022 12:00:00 AM","3","0","0","QBPL Payroll","","6/6/2022 4:22:41 PM","2022-06-02T08:22:00+03:00","2022-06-02T18:10:00+03:00","QBPL"
"176","Sarah","6/6/2022 4:30:26 PM","Sarah","Bank ","6/1/2022 12:00:00 AM","3","0","0","Bank reconciliation","","6/6/2022 4:30:26 PM","2022-06-01T08:10:00+03:00","2022-06-01T17:30:00+03:00","QBPL"
"177","Elias","6/8/2022 4:49:25 PM","Elias","bitushield production","6/2/2022 12:00:00 AM","4","0","0","Done","","6/8/2022 5:03:31 PM","2022-06-02T08:30:00+03:00","2022-06-02T17:15:00+03:00",""
"178","Elias","6/8/2022 4:54:10 PM","Elias","K1-70 AND BITUSHIELD PRODUCTION","6/3/2022 12:00:00 AM","4","0","0","Done","","6/8/2022 5:04:09 PM","2022-06-03T08:50:00+03:00","2022-06-03T18:31:00+03:00",""
"179","Elias","6/8/2022 4:58:46 PM","Elias","BITUSHIELD PRODUCTION","6/7/2022 12:00:00 AM","4","0","0","Done","","6/8/2022 5:05:43 PM","2022-06-07T10:30:00+03:00","2022-06-07T17:16:00+03:00",""
"180","Elias","6/8/2022 5:01:41 PM","Elias","BITUSHIELD PRODUCTION","6/8/2022 12:00:00 AM","4","0","0","Done","","6/8/2022 5:06:28 PM","2022-06-08T08:00:00+03:00","2022-06-08T16:50:00+03:00",""
"181","Mugure","6/10/2022 2:45:33 PM","Mugure","Payment follow up","6/10/2022 12:00:00 AM","1","0","0","Mectro Industrial Ltd to  clear the balance by13th June 2022.","","6/10/2022 2:45:33 PM","2022-06-10T13:10:00+03:00","2022-06-10T14:56:00+03:00",""
"182","Elias","6/13/2022 5:05:33 PM","Elias","PRODUCTION OF K1-60 AND KI-70","6/9/2022 12:00:00 AM","4","0","0","Done","","6/13/2022 5:14:10 PM","2022-06-09T05:00:00+03:00","2022-06-09T19:00:00+03:00",""
"183","Elias","6/13/2022 5:08:55 PM","Elias","k1- 60 PRODUCTION","6/12/2022 12:00:00 AM","4","0","0","Done","","6/13/2022 5:14:51 PM","2022-06-12T00:00:00+03:00","2022-06-12T05:00:00+03:00",""
"184","Elias","6/13/2022 5:13:14 PM","Elias","BITUSHIELD TYPE 3 PRODUCTION","6/13/2022 12:00:00 AM","4","0","0","Done","","6/13/2022 5:15:32 PM","2022-06-13T08:10:00+03:00","2022-06-13T15:15:00+03:00",""
"185","Elias","6/14/2022 5:09:13 PM","Elias","K1-70 PRODUCTION","6/14/2022 12:00:00 AM","4","0","0","Done","","6/14/2022 5:10:00 PM","2022-06-14T07:25:00+03:00","2022-06-14T16:00:00+03:00",""
"186","Elias","6/21/2022 9:42:19 AM","Elias","k1-70 cutback","6/15/2022 12:00:00 AM","4","0","0","Done","","6/21/2022 9:56:52 AM","2022-06-15T10:30:00+03:00","2022-06-15T16:30:00+03:00",""
"187","Elias","6/21/2022 9:49:38 AM","Elias","PRODUCTION OF MC-70 CUTBACK ","6/18/2022 12:00:00 AM","4","0","0","Done","","6/21/2022 9:57:45 AM","2022-06-18T08:00:00+03:00","2022-06-18T10:00:00+03:00",""
"188","Elias","6/21/2022 9:54:23 AM","Elias","BITUSHIELD TYPE 7 PRODUCTION","6/20/2022 12:00:00 AM","4","0","0","Done","","6/21/2022 9:59:16 AM","2022-06-20T10:30:00+03:00","2022-06-20T16:00:00+03:00",""
"189","Sarah","6/24/2022 9:09:24 AM","Sarah","Office Mngt","6/18/2022 12:00:00 AM","3","0","0","Office duties","","6/24/2022 9:09:24 AM","2022-06-18T08:30:00+03:00","2022-06-18T14:30:00+03:00","QBPL"
"190","Sarah","6/24/2022 9:11:13 AM","Sarah","Receivables","6/21/2022 12:00:00 AM","3","0","0","Debtors Reconcilliation ","","6/24/2022 9:11:13 AM","2022-06-21T08:09:00+03:00","2022-06-21T17:04:00+03:00","qbpl"
"191","Sarah","6/24/2022 9:12:37 AM","Sarah","VAT","6/23/2022 12:00:00 AM","3","0","0","Jun VAT recon","","6/24/2022 9:12:37 AM","2022-06-23T08:12:00+03:00","2022-06-23T17:30:00+03:00","QBPL"
"192","Sarah","6/24/2022 9:14:13 AM","Sarah","WELCAP","6/17/2022 12:00:00 AM","3","0","0","Mngt","","6/24/2022 9:14:13 AM","2022-06-17T07:13:00+03:00","2022-06-17T17:30:00+03:00","QBPL"
"193","Sarah","6/24/2022 9:15:04 AM","Sarah","VAT","6/16/2022 12:00:00 AM","3","0","0","MAY QBPL VAT","","6/24/2022 9:15:04 AM","2022-06-16T08:14:00+03:00","2022-06-16T17:30:00+03:00","QBPL"
"194","Sarah","6/24/2022 9:31:06 AM","Sarah","OFFICE","6/18/2022 12:00:00 AM","3","0","0","Mngt sales","","6/24/2022 9:31:06 AM","2022-06-18T08:01:00+03:00","2022-06-18T14:34:00+03:00","QBPL"
"195","Sarah","6/24/2022 9:36:34 AM","Sarah","PAYABLES","6/22/2022 12:00:00 AM","3","0","0","RECONCILIATON OF PAYABLES","","6/24/2022 9:36:34 AM","2022-06-22T08:04:00+03:00","2022-06-22T17:40:00+03:00","QBPL"
"196","Sarah","6/24/2022 9:40:49 AM","Sarah","BANK","6/20/2022 12:00:00 AM","3","0","0","Reconciliation Bank Statements","","6/24/2022 9:40:49 AM","2022-06-20T08:36:00+03:00","2022-06-20T17:40:00+03:00","QBPL"
"197","Sarah","6/24/2022 9:44:29 AM","Sarah","OFFICE","6/13/2022 12:00:00 AM","3","0","0","Meeting and reconciliation","","6/24/2022 9:44:29 AM","2022-06-13T08:20:00+03:00","2022-06-13T17:46:00+03:00","QBPL"
"198","Sarah","6/24/2022 9:49:42 AM","Sarah","WELCAP","6/10/2022 12:00:00 AM","0","0","0","Welcap Mngt","","6/24/2022 9:49:42 AM","2022-06-10T08:48:00+03:00","2022-06-10T17:53:00+03:00","NAIVASHA"
"199","Sarah","6/24/2022 9:51:02 AM","Sarah","Debtors","6/9/2022 12:00:00 AM","0","0","0","Reconciliation","","6/24/2022 9:51:02 AM","2022-06-09T08:49:00+03:00","2022-06-09T18:10:00+03:00","QBPL"
"200","Sarah","6/24/2022 9:55:40 AM","Sarah","PETTYCASH","6/8/2022 12:00:00 AM","3","0","0","Reconciliation","","6/24/2022 9:55:40 AM","2022-06-08T08:53:00+03:00","2022-06-08T17:56:00+03:00","QBPL"
"201","Sarah","6/24/2022 9:57:11 AM","Sarah","SUPPLIERS","6/7/2022 12:00:00 AM","3","0","0","Reconciliation","","6/24/2022 9:57:11 AM","2022-06-07T08:06:00+03:00","2022-06-07T18:02:00+03:00","QBPL"
"202","Sarah","6/24/2022 9:58:40 AM","Sarah","SYSTEM","6/6/2022 12:00:00 AM","3","0","0","System Mngt","","6/24/2022 9:58:40 AM","2022-06-06T07:57:00+03:00","2022-06-06T17:58:00+03:00","QBPL"
"203","Elias","7/4/2022 4:54:54 PM","Elias","CUTBACK OF K1-70 TO K1-60","7/24/2022 12:00:00 AM","4","0","0","Done","","7/4/2022 5:13:39 PM","2022-07-24T10:30:00+03:00","2022-07-24T16:00:00+03:00",""
"204","Elias","7/4/2022 4:57:38 PM","Elias","MC-30 CUTBACK PRODUCTION","6/25/2022 12:00:00 AM","4","0","0","Done","","7/4/2022 5:14:28 PM","2022-06-25T07:00:00+03:00","2022-06-25T10:00:00+03:00",""
"205","Elias","7/4/2022 5:01:30 PM","Elias","PRODUCTION OF BITUSHIELD TYPE 7","6/24/2022 12:00:00 AM","4","0","0","Done","","7/4/2022 5:15:14 PM","2022-06-24T08:00:00+03:00","2022-06-24T16:00:00+03:00",""
"206","Elias","7/4/2022 5:05:44 PM","Elias","PRODUCTION OF BITUSHIELD TYPE 7","7/28/2022 12:00:00 AM","4","0","0","Done","","7/4/2022 5:15:51 PM","2022-07-28T09:00:00+03:00","2022-07-28T17:00:00+03:00",""
"207","Elias","7/4/2022 5:08:25 PM","Elias","PRODUCTION OF BITUSHIELD TYPE 3","7/29/2022 12:00:00 AM","4","0","0","Done","","7/4/2022 5:16:35 PM","2022-07-29T10:00:00+03:00","2022-07-29T17:00:00+03:00",""
"208","Elias","7/7/2022 11:20:11 AM","Elias","PRODUCTION AND QUALITY TESTS","7/6/2022 12:00:00 AM","4","0","0","Done","","7/7/2022 11:20:59 AM","2022-07-06T08:00:00+03:00","2022-07-06T19:30:00+03:00",""
"209","Elias","7/22/2022 4:44:29 PM","Elias","PRODUCTION OF K1-60 ","7/21/2022 12:00:00 AM","4","0","0","Done","","7/22/2022 4:49:54 PM","2022-07-21T07:00:00+03:00","2022-07-21T20:00:00+03:00",""
"210","Elias","7/22/2022 4:47:06 PM","Elias","Rearranging the lab","7/19/2022 12:00:00 AM","4","0","0","Done","","7/22/2022 4:52:05 PM","2022-07-19T09:00:00+03:00","2022-07-19T17:30:00+03:00",""
"211","Elias","7/22/2022 4:48:56 PM","Elias","Rearranging the lab","7/20/2022 12:00:00 AM","4","0","0","Done","","7/22/2022 4:53:05 PM","2022-07-20T09:45:00+03:00","2022-07-20T17:00:00+03:00",""
"212","Elias","7/30/2022 4:04:03 PM","Elias","Rearranging the Lab Drawers","7/28/2022 12:00:00 AM","4","2","2","Done","","7/30/2022 4:09:34 PM","2022-07-28T12:57:00+03:00","2022-07-28T18:00:00+03:00",""
"213","Elias","7/30/2022 4:13:22 PM","Elias","Production K1-60 AND A4-60","7/30/2022 12:00:00 AM","4","0","0","Done","","7/30/2022 4:14:35 PM","2022-07-30T08:30:00+03:00","2022-07-30T16:00:00+03:00",""
