"customerCode","stockcode","approved","approvedby","DateTime","units_code","quantity","price","id","container"
"","S.6","True","","","u 10","200","14000","66","S.15"
"","S.7","True","","","u 10","200","15000","67","S.15"
"Dr510981","S.103","True","Mary","4/14/2022 6:03:00 AM","u 9","20","5000","737",""
"","S.9","True","","","u 10","200","20600","68","S.15"
"","S.150","True","","","u 10","200","21000","69","S.15"
"","S.99","True","","","u 10","200","18000","70","S.15"
"","S.103","True","","","u 9","20","3707","71","S.90"
"Dr510713","S.150","True","Lucybriate","9/21/2021 11:57:00 AM","u 10","200","18103.45","278",""
"Dr510751","S.7","True","Lucybriate","4/25/2022 9:41:00 AM","u 10","200","16206.9","753",""
"","S.60166","True","","","u20","4","936","284","S.60207"
"Dr510815","S.103","True","Mary","3/31/2022 7:30:00 AM","u 9","20","4741.379","695",""
"Dr511039","S.103","True","Sarah","2/23/2023 9:42:00 AM","u 10","200","45400","1020",""
"Dr510771","S.60185","True","Lucybriate","2/22/2023 8:47:00 AM","u 9","20","1400","958",""
"Dr510752","S.7","True","Lucybriate","8/12/2021 5:29:00 AM","u 10","200","14000","181",""
"Dr510805","S.103","True","Rose","3/28/2022 2:12:00 PM","u20","4","948.2759","688",""
"Dr380","S.6","True","Rose","1/17/2022 9:04:00 AM","u 10","200","15344.83","548",""
"Dr628","S.9","True","Mary","6/23/2021 8:06:00 AM","u 10","200","17241.38","38",""
"Dr425","S.6","True","Rose","10/30/2021 7:39:00 AM","u 10","200","15086.21","410",""
"Dr510712","S.99","True","Mary","6/22/2021 8:39:00 AM","u 10","200","16810","34",""
"","S.103","True","","","u20","4","1500","73","S.93"
"Dr510850","S.103","True","Lucybriate","6/23/2021 7:35:00 AM","u20","4","1551.724","37",""
"","S.35","True","","","u20","4","1200","74","S.93"
"Dr510827","S.103","True","Lucybriate","6/23/2021 9:07:00 AM","u 9","20","3275.862","41",""
"Dr510827","S.35","True","Lucybriate","6/23/2021 9:07:00 AM","u20","4","1034.483","42",""
"Dr510773","S.103","True","Mugure","10/8/2021 9:48:00 AM","u 9","20","3879.31","352",""
"Dr510773","S.103","True","Mugure","10/8/2021 9:48:00 AM","u20","4","905.1724","353",""
"","S.60185","True","","","u 9","20","4741.379","205","S.90"
"Dr510762","S.35","True","Sarah","2/21/2023 11:49:00 AM","u 9","20","7000","942",""
"Dr510725","S.6","True","Lucybriate","9/27/2021 7:05:00 AM","u 10","200","14224.14","297",""
"Dr510766","S.103","True","Sarah","2/21/2023 7:58:00 AM","u 9","20","4310.345","924",""
"Dr510895","S.122","True","Lucybriate","6/8/2022 7:56:00 AM","u 6","1","450","804",""
"Dr510851","S.35","True","Mary","6/23/2021 1:11:00 PM","u20","4","1120.69","53",""
"Dr510866","S.103","True","Sarah","4/2/2022 10:40:00 AM","u20","4","1400","704",""
"Dr510716","S.7","True","Lucybriate","3/13/2022 6:19:00 AM","u 10","200","15000","654",""
"Dr552","S.6","True","Lucybriate","6/29/2021 2:34:00 PM","u 10","200","13103.45","58",""
"Dr50654","S.9","True","Mary","7/1/2021 1:33:00 PM","u 10","200","19827.59","59",""
"","S.95","True","","","u 9","20","12500","75","S.90"
"Dr471","S.103","True","Sarah","2/22/2023 8:55:00 AM","u 9","20","5000","959",""
"Dr471","S.95","True","Sarah","2/22/2023 9:10:00 AM","u 9","20","14500","965",""
"Dr471","S.103","True","Lucybriate","6/23/2022 7:42:00 AM","u20","4","5000","841",""
"Dr511004","S.99","True","Lucybriate","6/24/2022 8:10:00 AM","u 10","200","20258.62","842",""
"Dr510910","S.103","True","Lucybriate","10/19/2021 7:35:00 AM","u20","4","1034.483","366",""
"Dr384","S.6","True","Mary","7/7/2021 9:30:00 AM","u 10","200","13793.1","76",""
"Dr510842","S.6","True","Sarah","2/23/2023 5:22:00 AM","u 10","200","16810.35","982",""
"Dr594","S.6","True","Lucybriate","1/24/2022 6:54:00 AM","u 10","200","15086.21","558",""
"","S.95","True","","","u20","4","2400","749","S.93"
"Dr594","S.9","True","Lucybriate","1/24/2022 6:54:00 AM","u 10","200","20258.62","559",""
"Dr510794","S.103","True","Sarah","4/30/2022 8:43:00 AM","u 9","20","4568.965","761",""
"Dr510961","S.6","True","Lucybriate","5/27/2022 10:30:00 AM","u 10","200","17000","786",""
"","S.120","True","","","u 8","183","13409.48","83",""
"Dr510961","S.7","True","Mary","4/16/2022 5:56:00 AM","u 10","200","11500","739",""
"Dr510821","S.9","True","Lucybriate","7/9/2021 9:36:00 AM","u 10","200","17241.38","85",""
"Dr510821","S.6","True","Lucybriate","7/9/2021 9:36:00 AM","u 10","200","13103.45","86",""
"","S.35","True","","","u 9","20","5172.414","87","S.90"
"Dr510794","S.103","True","Mary","3/1/2023 8:25:00 AM","u20","4","1077.586","1097",""
"Dr510854","S.9","True","Lucybriate","10/4/2021 8:56:00 AM","u 10","200","21034.48","325",""
"Dr510854","S.6","True","Lucybriate","10/4/2021 8:56:00 AM","u 10","200","14827.59","326",""
"Dr371","S.6","True","Lucybriate","7/10/2021 6:02:00 AM","u 10","200","14224.14","94",""
"Dr510688","S.6","True","Lucybriate","6/14/2022 10:42:00 AM","u 10","200","18362.07","812",""
"Dr510793","S.103","True","Lucybriate","7/10/2021 11:14:00 AM","u 9","20","5603.448","96",""
"Dr434","S.6","True","Lucybriate","7/13/2021 12:35:00 PM","u 10","200","13793.1","98",""
"Dr518","S.9","True","Lucybriate","4/13/2022 7:56:00 AM","u 10","200","25862.07","730",""
"Dr510771","S.103","True","Lucybriate","7/5/2022 9:19:00 AM","u 9","20","3800","874",""
"Dr510771","S.60166","True","Lucybriate","6/24/2022 12:17:00 PM","u 9","20","3740","846",""
"Dr510758","S.6","True","Mary","3/1/2023 7:24:00 AM","u 10","200","19827.59","1096",""
"","S.60166","True","","","u 8","4","933.4914","107","S.93"
"Dr510784","S.60166","True","Lucybriate","9/6/2021 10:20:00 AM","u20","4","905.1724","232",""
"Dr510888","S.103","True","Mugure","9/21/2021 9:43:00 AM","u20","4","1077.586","273",""
"Dr510965","S.60231","True","Lucybriate","4/13/2022 9:28:00 AM","u 9","20","7000","736",""
"Dr510772","S.60185","True","Lucybriate","3/6/2023 12:32:00 PM","u 9","20","1400","1133",""
"Dr510772","S.103","True","Lucybriate","2/22/2023 9:46:00 AM","u 9","20","3800","972",""
"Dr510772","S.60166","True","Lucybriate","3/6/2023 12:32:00 PM","u 9","20","1400","1132",""
"Dr510908","S.103","True","Sarah","3/3/2023 6:51:00 AM","u 9","20","4310.345","1103",""
"Dr510798","S.103","True","Lucybriate","2/21/2023 6:58:00 AM","u 9","20","4741.379","918",""
"Dr510889","S.60185","True","Mugure","9/21/2021 9:43:00 AM","u 9","20","4301.724","274",""
"Dr518","S.6","True","Lucybriate","10/25/2021 8:25:00 AM","u 10","200","15862.07","401",""
"Dr510819","S.7","True","Lucybriate","7/29/2021 6:04:00 AM","u 10","200","12068.97","158",""
"","S.106","True","","","u 7","200","63158","132","S.15"
"Dr140670","S.35","True","Lucybriate","1/14/2022 6:31:00 AM","u 10","200","60000","546",""
"Dr510976","S.103","True","Sarah","2/21/2023 12:23:00 PM","u 9","20","3793.104","944",""
"","S.35","True","","","u 10","200","63158","144","S.15"
"Dr510855","S.6","True","Lucybriate","6/15/2022 1:16:00 PM","u 10","200","17672.41","817",""
"Dr510855","S.9","True","Lucybriate","10/21/2021 11:25:00 AM","u 10","200","19827.59","389",""
"","S.60166","True","","","u 10","200","45500","151","S.15"
"Dr510856","S.60166","True","Mary","8/19/2021 7:47:00 AM","u 10","200","37997","195",""
"Dr510968","S.122","True","Lucybriate","4/30/2022 11:18:00 AM","u 6","1","500","762",""
"Dr510976","S.60166","True","Sarah","2/21/2023 12:05:00 PM","u20","4","862.07","943",""
"Dr510805","S.60166","True","Lucybriate","4/11/2022 12:27:00 PM","u20","4","948.2759","724",""
"Dr510752","S.60166","True","Lucybriate","7/30/2021 8:41:00 AM","u20","4","1000","163",""
"Dr510857","S.35","True","Mugure","7/30/2021 12:07:00 PM","u 9","20","5172.414","164",""
"Dr510856","S.99","True","Lucybriate","8/5/2021 5:32:00 AM","u 10","200","18650","168",""
"Dr510862","S.60166","True","Lucybriate","3/3/2023 1:18:00 PM","u 9","20","3965.517","1115",""
"Dr510863","S.60166","True","Mugure","8/5/2021 1:49:00 PM","u20","4","1800","172",""
"Dr510863","S.103","True","Mugure","8/5/2021 1:49:00 PM","u20","4","1800","173",""
"Dr510864","S.6","True","Lucybriate","3/8/2022 3:18:00 PM","u 10","200","14482.76","647",""
"Dr510976","S.95","True","Sarah","2/21/2023 12:29:00 PM","u 9","20","8620.689","945",""
"","S.60224","True","","","u 7","1","408","509",""
"Dr510865","S.60166","True","Mary","8/11/2021 12:32:00 PM","u 9","20","1800","180",""
"Dr510766","S.60193","True","Sarah","2/21/2023 7:58:00 AM","u20","4","1034.483","925",""
"Dr510888","S.60166","True","Mugure","9/21/2021 9:43:00 AM","u20","4","1025.862","275",""
"Dr510976","S.103","True","Sarah","2/21/2023 12:48:00 PM","u20","4","862.07","946",""
"Dr510976","S.60166","True","Lucybriate","4/20/2022 10:38:00 AM","u 9","20","3793.104","743",""
"","S.60185","True","","","u20","4","1293.103","206","S.93"
"Dr510771","S.103","True","Lucybriate","8/13/2021 11:54:00 AM","u20","4","1000","189",""
"Dr510771","S.60166","True","Lucybriate","8/13/2021 11:54:00 AM","u20","4","980","190",""
"Dr510960","S.122","True","Lucybriate","2/18/2022 9:22:00 AM","u 6","1","500","599",""
"","S.60231","True","","","u 9","20","5000","627","S.90"
"Dr510867","S.35","True","Lucybriate","8/26/2021 6:56:00 AM","u20","4","1724.138","209",""
"Dr510869","S.150","True","Lucybriate","8/24/2021 1:57:00 PM","u 10","200","17241.38","198",""
"Dr510869","S.99","True","Lucybriate","8/24/2021 1:57:00 PM","u 10","200","16379.31","199",""
"Dr533","S.9","True","Mary","8/25/2021 5:40:00 AM","u 10","200","20689.65","200",""
"Dr510890","S.6","True","admin","9/21/2021 10:49:00 AM","u 10","200","13793.1","277",""
"Dr510771","S.60185","True","Lucybriate","3/3/2022 12:55:00 PM","u20","4","1050","638",""
"Dr533","S.6","True","Lucybriate","8/30/2021 1:03:00 PM","u 10","200","14655.17","210",""
"","S.60206","True","","","u 7","1","109","217",""
"","S.122","True","","","u 6","1","350","218","S.122"
"Dr510871","S.122","False","Lucybriate","10/21/2021 12:14:00 PM","u 6","1","350","219",""
"Dr510868","S.60206","True","Lucybriate","9/2/2021 1:16:00 PM","u 7","1","108.64","220",""
"Dr510873","S.103","True","Mugure","9/3/2021 8:53:00 AM","u 9","20","4741.379","221",""
"Dr510874","S.60166","True","Lucybriate","9/3/2021 10:42:00 AM","u 9","20","4741.379","222",""
"Dr510830","S.9","True","Lucybriate","9/3/2021 11:16:00 AM","u 10","200","20689.65","224",""
"Dr510875","S.6","True","Lucybriate","9/6/2021 5:32:00 AM","u 10","200","14655.17","227",""
"Dr510876","S.103","True","Lucybriate","9/6/2021 6:59:00 AM","u 9","20","4310.345","229",""
"Dr510877","S.122","False","Lucybriate","10/21/2021 12:12:00 PM","u 6","1","350","230",""
"Dr510878","S.35","True","Mugure","9/7/2021 7:50:00 AM","u 9","20","5172.414","234",""
"Dr510769","S.150","True","Mugure","9/9/2021 6:49:00 AM","u 10","200","18103.45","236",""
"Dr510881","S.60166","True","Lucybriate","9/13/2021 9:16:00 AM","u20","4","939.6552","241",""
"Dr510881","S.103","True","Lucybriate","9/13/2021 9:16:00 AM","u20","4","991.3793","242",""
"Dr510880","S.60166","True","Lucybriate","9/13/2021 9:29:00 AM","u20","4","939.6552","247",""
"Dr510880","S.103","True","Lucybriate","9/13/2021 9:29:00 AM","u20","4","991.3793","248",""
"Dr510882","S.103","True","Mugure","9/15/2021 9:48:00 AM","u20","4","991.3793","250",""
"Dr510882","S.60166","True","Mugure","9/15/2021 9:48:00 AM","u20","4","939.6552","251",""
"Dr510884","S.60166","True","Mugure","9/15/2021 9:48:00 AM","u20","4","939.6552","252",""
"Dr510884","S.103","True","Mugure","9/15/2021 9:57:00 AM","u20","4","991.3793","256",""
"Dr510883","S.103","True","Lucybriate","9/16/2021 8:29:00 AM","u20","4","991.3793","254",""
"Dr510883","S.60166","True","Lucybriate","9/16/2021 8:30:00 AM","u20","4","939.6552","255",""
"Dr510885","S.120","True","Mugure","9/16/2021 7:58:00 AM","u 8","183","21551.72","257",""
"Dr510976","S.35","True","Lucybriate","4/20/2022 11:02:00 AM","u20","4","1034.483","744",""
"Dr510713","S.60185","True","Lucybriate","9/21/2021 12:22:00 PM","u20","4","991.3793","279",""
"Dr510886","S.60166","True","Lucybriate","9/16/2021 11:51:00 AM","u20","4","939.6552","260",""
"Dr510886","S.103","True","Lucybriate","9/16/2021 11:51:00 AM","u20","4","991.3793","261",""
"Dr593","S.35","True","Lucybriate","12/16/2021 6:45:00 AM","u20","4","1551.724","491",""
"Dr593","S.35","True","Lucybriate","9/17/2021 7:23:00 AM","u 9","20","4741.379","265",""
"","S.8","True","","","u 8","1","69.96552","266",""
"Dr510887","S.8","True","Mugure","9/17/2021 9:51:00 AM","u 8","1","68.96552","267",""
"Dr593","S.103","True","Rose","2/22/2022 11:23:00 AM","u 9","20","5172.414","600",""
"Dr510780","S.60185","True","Lucybriate","2/22/2023 9:46:00 AM","u20","4","1150","971",""
"Dr511027","S.99","True","Sarah","3/6/2023 11:50:00 AM","u 10","200","23275.86","1131",""
"Dr510713","S.103","True","Lucybriate","9/21/2021 12:26:00 PM","u20","4","948.2759","282",""
"Dr510713","S.60166","True","Lucybriate","9/21/2021 12:23:00 PM","u20","4","931.0345","281",""
"Dr510804","S.7","True","Lucybriate","2/17/2023 6:17:00 AM","u 10","200","18965.52","911",""
"Dr510976","S.95","True","Lucybriate","4/22/2022 9:38:00 AM","u20","4","1293.103","750",""
"Dr510810","S.6","True","Sarah","2/22/2023 7:58:00 AM","u 10","200","19000","955",""
"","S.20","True","","","u 7","1","86.289","754",""
"Dr510892","S.7","True","Lucybriate","9/23/2021 8:30:00 AM","u 10","200","14000","290",""
"Dr510803","S.35","True","Sarah","2/23/2023 8:04:00 AM","u 9","20","6465.517","1008",""
"Dr392","S.103","True","Lucybriate","9/24/2021 1:53:00 PM","u 9","20","4051.724","292",""
"Dr584","S.6","True","Lucybriate","3/28/2022 6:08:00 AM","u 10","200","16810.35","679",""
"Dr584","S.9","True","Mugure","9/25/2021 8:31:00 AM","u 10","200","21551.72","296",""
"Dr510894","S.103","True","Rose","2/15/2022 7:43:00 AM","u20","4","862.069","588",""
"Dr510893","S.60166","True","Lucybriate","9/27/2021 8:58:00 AM","u20","4","939.6552","299",""
"Dr510894","S.60166","True","Lucybriate","9/27/2021 9:08:00 AM","u20","4","939.6552","302",""
"Dr510893","S.103","True","Lucybriate","9/27/2021 9:18:00 AM","u20","4","991.3793","305",""
"Dr510823","S.60166","True","Mary","2/24/2023 9:22:00 AM","u20","4","991.3793","1076",""
"Dr510823","S.103","True","Mary","2/24/2023 9:19:00 AM","u20","4","991.3793","1074",""
"Dr510896","S.60166","True","Lucybriate","9/29/2021 8:39:00 AM","u20","4","939.6552","313",""
"Dr510896","S.103","True","Lucybriate","9/29/2021 8:39:00 AM","u20","4","991.3793","314",""
"Dr510897","S.60166","True","Sarah","3/3/2023 6:24:00 AM","u20","4","1034.483","1100",""
"Dr482","S.60166","True","Lucybriate","9/29/2021 8:58:00 AM","u20","4","939.6552","316",""
"Dr482","S.103","True","Lucybriate","9/29/2021 8:58:00 AM","u20","4","939.6552","317",""
"Dr482","S.60185","True","Lucybriate","9/29/2021 8:59:00 AM","u20","4","991.3793","318",""
"Dr510898","S.60166","True","Lucybriate","9/29/2021 9:03:00 AM","u20","4","939.6552","319",""
"Dr510898","S.103","True","Lucybriate","9/29/2021 9:03:00 AM","u20","4","991.3793","320",""
"Dr510898","S.60185","True","Lucybriate","9/29/2021 9:03:00 AM","u20","4","1034.483","321",""
"Dr510794","S.35","True","Lucybriate","2/21/2023 11:26:00 AM","u 9","20","6034.483","939",""
"Dr510899","S.6","True","Lucybriate","9/30/2021 10:44:00 AM","u 10","200","14224.14","323",""
"Dr510976","S.60185","True","Lucybriate","4/22/2022 9:28:00 AM","u20","4","905.1724","748",""
"Dr510901","S.60166","True","Lucybriate","10/5/2021 1:23:00 PM","u20","4","939.6552","327",""
"Dr510901","S.103","True","Lucybriate","10/5/2021 1:23:00 PM","u20","4","991.3793","328",""
"Dr510901","S.60185","True","Lucybriate","10/5/2021 1:24:00 PM","u20","4","1034.483","329",""
"Dr510903","S.103","True","Lucybriate","10/5/2021 1:28:00 PM","u20","4","991.3793","330",""
"Dr510892","S.6","True","Lucybriate","2/17/2023 10:52:00 AM","u 10","200","17000","916",""
"Dr392","S.60166","True","Sarah","2/22/2023 8:32:00 AM","u 9","20","4137.931","956",""
"Dr510865","S.103","True","Lucybriate","1/27/2022 1:12:00 PM","u 9","20","1800","333",""
"Dr471","S.143","True","Sarah","2/22/2023 9:04:00 AM","u14","1","13500","964",""
"","S.60185","True","","","u 10","200","20000","966",""
"Dr510780","S.35","True","Lucybriate","10/6/2021 1:49:00 PM","u20","4","1000","338",""
"Dr510904","S.35","True","Lucybriate","3/21/2022 7:16:00 AM","u 9","20","5603.448","670",""
"Dr510905","S.103","True","Mugure","10/8/2021 7:36:00 AM","u20","4","991.3793","343",""
"Dr510906","S.103","True","Mugure","10/8/2021 7:35:00 AM","u20","4","991.3793","344",""
"Dr510906","S.60166","True","Mugure","10/8/2021 7:35:00 AM","u20","4","939.6552","345",""
"Dr510906","S.103","True","Mugure","10/8/2021 7:35:00 AM","u 9","20","4094.828","346",""
"Dr510906","S.60166","True","Mugure","10/8/2021 7:35:00 AM","u 9","20","3922.414","347",""
"Dr330682","S.6","True","Mugure","10/8/2021 11:46:00 AM","u 10","200","13793.1","354",""
"Dr90670","S.9","True","Lucybriate","10/9/2021 6:27:00 AM","u 10","200","20689.65","355",""
"Dr90670","S.6","True","Sarah","2/21/2023 11:29:00 AM","u 10","200","18103.45","941",""
"Dr510795","S.6","True","Sarah","2/21/2023 8:42:00 AM","u 10","200","18103.45","929",""
"Dr510784","S.103","True","Lucybriate","6/30/2022 1:27:00 PM","u 9","20","3836.207","864",""
"Dr510909","S.7","True","Margaret","10/13/2021 1:27:00 PM","u 10","200","15689.66","362",""
"Dr510810","S.9","True","Lucybriate","10/16/2021 11:30:00 AM","u 10","200","20172.41","365",""
"Dr510911","S.60166","True","Mary","2/23/2023 9:55:00 AM","u20","4","1034.483","1027",""
"Dr510911","S.103","True","Lucybriate","10/19/2021 7:59:00 AM","u20","4","991.3793","368",""
"Dr510912","S.35","True","Lucybriate","10/19/2021 7:59:00 AM","u20","4","1551.724","369",""
"Dr510913","S.103","True","Lucybriate","10/19/2021 8:06:00 AM","u 9","20","4181.035","370",""
"Dr510982","S.9","True","Rose","4/25/2022 1:37:00 PM","u 10","200","26942.24","755",""
"Dr510914","S.103","True","Sarah","2/23/2023 6:25:00 AM","u20","4","1293.103","989",""
"Dr510914","S.103","True","Lucybriate","10/21/2021 6:06:00 AM","u 9","20","4224.138","388",""
"Dr510865","S.60166","True","Sarah","6/29/2022 8:29:00 AM","u20","4","2155.172","855",""
"Dr471","S.60185","True","Sarah","2/22/2023 9:23:00 AM","u 10","200","40000","968",""
"Dr510915","S.35","True","Lucybriate","10/22/2021 10:58:00 AM","u20","4","1034.483","396",""
"Dr510915","S.103","True","Lucybriate","10/22/2021 10:59:00 AM","u20","4","818.9655","397",""
"Dr510915","S.95","True","Lucybriate","3/3/2023 9:49:00 AM","u 9","20","14655.17","1114",""
"Dr370683","S.103","True","Lucybriate","11/16/2021 9:01:00 AM","u 9","20","12068.97","443",""
"Dr369","S.6","True","Sarah","2/21/2023 9:31:00 AM","u 10","200","18103.45","933",""
"","S.103","True","","","u20","1","258.62","1090","S.60256"
"Dr510919","S.60166","True","Lucybriate","10/27/2021 6:44:00 AM","u20","4","1025.862","405",""
"Dr510919","S.103","True","Lucybriate","10/27/2021 6:44:00 AM","u20","4","1077.586","406",""
"Dr510919","S.60185","True","Lucybriate","10/27/2021 6:54:00 AM","u20","4","1120.69","408",""
"Dr510915","S.103","True","Lucybriate","3/3/2023 9:49:00 AM","u 9","20","4310.345","1113",""
"Dr510929","S.122","True","Lucybriate","11/1/2021 1:05:00 PM","u 6","1","400","411",""
"Dr510930","S.60166","True","Rose","11/2/2021 10:25:00 AM","u 9","20","4310.345","412",""
"Dr510919","S.103","True","Lucybriate","11/3/2021 7:16:00 AM","u 9","20","4310.345","413",""
"Dr510866","S.103","True","Sarah","4/2/2022 10:35:00 AM","u 9","20","0","414",""
"Dr510931","S.122","True","Lucybriate","11/8/2021 9:43:00 AM","u 6","1","450","420",""
"Dr510993","S.60185","True","Lucybriate","6/9/2022 1:26:00 PM","u20","4","1465.517","806",""
"Dr510932","S.60166","True","Lucybriate","11/9/2021 12:11:00 PM","u 9","20","3879.31","423",""
"Dr510932","S.103","True","Lucybriate","11/9/2021 12:14:00 PM","u 9","20","4310.345","425",""
"Dr370683","S.60185","True","Lucybriate","11/10/2021 10:00:00 AM","u20","4","2586.207","429",""
"Dr398","S.6","True","admin","11/10/2021 11:51:00 AM","u 10","200","14501.72","430",""
"Dr510912","S.35","True","Lucybriate","5/10/2022 10:43:00 AM","u 10","200","55000","769",""
"Dr510933","S.103","True","Lucybriate","11/11/2021 6:52:00 AM","u 9","20","4913.793","432",""
"Dr190672","S.35","True","Lucybriate","11/15/2021 7:24:00 AM","u20","4","1206.897","433",""
"Dr510934","S.103","True","Mary","2/23/2023 8:25:00 AM","u 9","20","4310.345","1010",""
"Dr510865","S.103","True","Sarah","6/29/2022 8:31:00 AM","u20","4","2155.172","856",""
"Dr510982","S.6","True","Rose","4/25/2022 1:37:00 PM","u 10","200","18040.52","756",""
"Dr370683","S.35","True","Lucybriate","11/16/2021 9:01:00 AM","u20","4","3448.276","441",""
"Dr370683","S.60166","True","Lucybriate","11/16/2021 9:06:00 AM","u20","4","2396.552","444",""
"Dr370683","S.103","True","Lucybriate","11/16/2021 9:06:00 AM","u20","4","2413.793","445",""
"Dr428","S.6","True","Mugure","11/20/2021 8:41:00 AM","u 10","200","14655.17","447",""
"Dr428","S.9","True","Rose","12/11/2021 9:23:00 AM","u 10","200","21034.48","448",""
"Dr428","S.7","True","Rose","12/20/2021 1:12:00 PM","u 10","200","15517.24","449",""
"Dr510982","S.7","True","Rose","4/25/2022 1:37:00 PM","u 10","200","20237.07","757",""
"Dr510976","S.35","True","Lucybriate","4/28/2022 7:15:00 AM","u 9","20","4482.759","759",""
"","S.103","True","","","u 9","1","4568.965","760","S.90"
"Dr510784","S.60166","True","Lucybriate","6/30/2022 1:32:00 PM","u 9","20","3836.207","865",""
"Dr510751","S.6","True","Lucybriate","5/7/2022 7:27:00 AM","u 10","200","15517.24","767",""
"","S.150","True","","","u 7","20","1767.241","456","S.90"
"Dr510769","S.150","True","Mugure","11/22/2021 8:51:00 AM","u 7","20","1939.655","457",""
"","S.150","True","","","u 7","1","88.36207","458",""
"Dr510769","S.150","True","Mugure","11/23/2021 6:13:00 AM","u 7","1","91.98276","464",""
"Dr510936","S.122","True","Mugure","11/26/2021 7:05:00 AM","u 6","1","500","467",""
"Dr510934","S.103","True","Rose","12/6/2021 7:26:00 AM","u20","4","1077.586","469",""
"Dr510938","S.122","True","Rose","12/6/2021 7:43:00 AM","u 6","1","500","470",""
"","S.136","True","","","u 8","1","250","471",""
"Dr510983","S.6","False","","","u 10","200","18103.45","770",""
"Dr510780","S.60185","True","Lucybriate","2/22/2023 6:47:00 AM","u 9","4","450","951",""
"Dr510912","S.35","True","Lucybriate","3/28/2022 8:08:00 AM","u 9","20","4800","683",""
"Dr511058","S.103","True","Mary","2/24/2023 9:43:00 AM","u20","4","1120.69","1078",""
"Dr561","S.103","True","Mugure","12/10/2021 7:35:00 AM","u 9","20","4741.379","476",""
"Dr510962","S.6","True","Lucybriate","2/23/2022 10:55:00 AM","u 10","200","14655.17","605",""
"Dr428","S.150","True","Rose","12/11/2021 9:54:00 AM","u 7","1","104.7414","479",""
"Dr428","S.99","False","admin","4/13/2022 10:54:00 AM","u 10","200","0","480",""
"Dr510939","S.103","True","Sarah","2/23/2023 2:13:00 PM","u 9","20","5000","1056",""
"Dr510805","S.60185","True","Rose","12/15/2021 12:05:00 PM","u20","4","991.3793","484",""
"","S.99","True","","","u20","4","1034.483","885",""
"Dr510984","S.103","True","Lucybriate","5/14/2022 8:48:00 AM","u20","4","1293.103","773",""
"Dr510985","S.9","True","Sarah","5/17/2022 7:15:00 AM","u 10","200","26000","774",""
"","S.143","True","","","u14","1","14655.17","489",""
"Dr510937","S.136","True","Lucybriate","6/20/2022 12:09:00 PM","u 8","1","400","825",""
"Dr510780","S.60166","True","Lucybriate","12/18/2021 1:28:00 PM","u20","4","900","496",""
"Dr392","S.9","True","Lucybriate","12/18/2021 3:33:00 PM","u 10","200","20689.65","503",""
"Dr510903","S.103","True","Lucybriate","12/20/2021 11:32:00 AM","u 9","20","4181.035","504",""
"Dr510986","S.60185","True","Sarah","5/19/2022 9:45:00 AM","u20","4","1551.724","775",""
"Dr471","S.6","True","Lucybriate","6/23/2022 7:31:00 AM","u 10","200","18000","837",""
"Dr510942","S.60166","True","Sarah","5/20/2022 6:07:00 AM","u 9","20","4568.965","777",""
"Dr510942","S.60166","True","Sarah","5/20/2022 6:09:00 AM","u20","4","1034.483","778",""
"Dr510778","S.6","True","Lucybriate","12/23/2021 7:54:00 AM","u 10","200","15517.24","513",""
"Dr190672","S.103","True","Lucybriate","12/24/2021 6:52:00 AM","u 9","20","4741.379","514",""
"Dr50654","S.7","True","Sarah","2/22/2023 8:55:00 AM","u 10","200","15086.21","515",""
"Dr50654","S.6","True","Lucybriate","12/27/2021 10:39:00 AM","u 10","200","15086.21","516",""
"Dr510943","S.122","True","Lucybriate","12/31/2021 10:34:00 AM","u 6","1","1","517",""
"Dr510794","S.35","True","Lucybriate","2/21/2023 11:03:00 AM","u20","4","1206.897","936",""
"","S.35","True","","","u 7","1","280.17","520",""
"Dr190672","S.35","True","Lucybriate","1/3/2022 1:06:00 PM","u 7","1","318.9655","522",""
"Dr510721","S.16","True","Sarah","2/24/2023 7:45:00 AM","u 10","183","19764","1062",""
"Dr510988","S.122","True","Lucybriate","7/5/2022 7:35:00 AM","u 6","1","600","873",""
"","S.60193","True","","","u 8","4","5172.414","526","S.93"
"Dr510944","S.60193","True","Rose","1/4/2022 6:48:00 AM","u 8","4","1293.103","533",""
"Dr510766","S.60193","True","Lucybriate","5/25/2022 8:23:00 AM","u 8","4","1077.586","783",""
"","S.60193","True","","","u20","4","1077.586","784","S.93"
"Dr511012","S.103","True","Mary","7/22/2022 10:14:00 AM","u20","4","1293.103","899",""
"Dr510850","S.103","True","Lucybriate","5/27/2022 1:50:00 PM","u 9","20","4482.759","787",""
"Dr510945","S.103","False","Rose","2/3/2022 8:48:00 AM","u 9","20","103448.3","534",""
"Dr510945","S.60166","True","Rose","1/5/2022 1:02:00 PM","u 9","20","5172.414","536",""
"Dr510946","S.35","True","Mugure","1/7/2022 7:09:00 AM","u20","4","1724.138","537",""
"Dr510947","S.6","True","Lucybriate","1/7/2022 12:19:00 PM","u 10","200","14886","538",""
"Dr510947","S.9","True","Lucybriate","1/7/2022 12:19:00 PM","u 10","200","20592","539",""
"Dr510948","S.9","True","Lucybriate","1/7/2022 3:38:00 PM","u 10","200","21379.31","540",""
"Dr510790","S.6","True","Lucybriate","3/23/2022 12:23:00 PM","u 10","200","15948.28","674",""
"Dr510790","S.9","True","Mugure","1/11/2022 6:15:00 AM","u 10","200","20689.65","544",""
"Dr510949","S.6","True","Lucybriate","1/19/2022 1:16:00 PM","u 10","200","15086.21","551",""
"Dr547","S.6","True","Sarah","3/4/2023 6:30:00 AM","u 10","200","17241.38","1116",""
"","S.60233","True","","","u20","1","431.0345","886",""
"","S.99","True","","","u20","5","1250","554",""
"Dr547","S.9","True","Rose","1/21/2022 6:47:00 AM","u 10","200","20689.65","555",""
"Dr510950","S.122","True","Lucybriate","1/21/2022 10:31:00 AM","u 6","1","450","556",""
"Dr510722","S.6","True","Lucybriate","3/25/2022 8:48:00 AM","u 10","200","14655.17","676",""
"Dr510951","S.103","True","Mugure","1/25/2022 9:05:00 AM","u20","4","1293.103","560",""
"","S.132","True","","","u 8","1","0","561","S.93"
"Dr510952","S.103","True","Rose","1/29/2022 8:20:00 AM","u20","4","1034.483","565",""
"Dr510952","S.60185","True","Rose","1/29/2022 8:22:00 AM","u20","4","1120.69","566",""
"Dr510862","S.103","True","Lucybriate","1/31/2022 2:43:00 PM","u 9","20","4482.759","569",""
"Dr369","S.16","True","Sarah","6/29/2022 10:51:00 AM","u 10","183","15775.86","862",""
"Dr480685","S.103","True","Lucybriate","3/3/2023 9:22:00 AM","u 9","20","5172.414","1112",""
"Dr510954","S.122","True","Lucybriate","2/8/2022 2:32:00 PM","u 6","1","500","576",""
"Dr510850","S.35","True","Lucybriate","5/27/2022 1:50:00 PM","u20","4","1034.483","788",""
"Dr510989","S.9","True","Lucybriate","5/30/2022 9:56:00 AM","u 10","200","23500","791",""
"Dr510957","S.122","True","Lucybriate","2/11/2022 6:08:00 AM","u 6","1","1","580",""
"Dr510990","S.9","True","Lucybriate","5/31/2022 4:56:00 PM","u 10","200","22327.59","794",""
"Dr510990","S.7","True","Lucybriate","6/3/2022 2:43:00 PM","u 10","200","17155.17","800",""
"Dr510766","S.143","True","Lucybriate","6/7/2022 6:55:00 AM","u14","1","15000","801",""
"Dr511007","S.103","True","Sarah","6/29/2022 11:07:00 AM","u 9","20","5172.414","863",""
"Dr511008","S.103","True","Sarah","7/1/2022 12:04:00 PM","u20","4","1293.103","866",""
"Dr510894","S.103","True","Rose","2/15/2022 7:40:00 AM","u 9","20","4181.035","587",""
"Dr510958","S.103","True","Lucybriate","2/17/2022 2:05:00 PM","u 9","20","4267.241","590",""
"Dr510958","S.60166","True","Lucybriate","2/17/2022 2:05:00 PM","u 9","20","3491.379","591",""
"Dr510958","S.60185","True","Lucybriate","2/17/2022 2:05:00 PM","u 9","20","5043.104","592",""
"Dr510766","S.103","True","Lucybriate","7/12/2022 10:40:00 AM","u20","4","1034.475","891",""
"Dr510959","S.6","True","Lucybriate","2/17/2022 2:45:00 PM","u 10","200","15517.24","596",""
"Dr510824","S.6","True","Lucybriate","2/18/2022 7:32:00 AM","u 10","200","14655.17","597",""
"Dr510824","S.9","True","Lucybriate","2/18/2022 7:32:00 AM","u 10","200","20689.65","598",""
"Dr510892","S.103","True","Lucybriate","2/22/2022 1:54:00 PM","u 9","20","3800","601",""
"Dr510962","S.9","True","Lucybriate","2/23/2022 10:55:00 AM","u 10","200","20517.24","606",""
"Dr576","S.6","True","Sarah","3/7/2023 5:02:00 AM","u 10","200","17241.38","1138",""
"Dr510758","S.132","True","Rose","2/26/2022 6:58:00 AM","u 8","1","71.03825","610",""
"Dr510993","S.103","True","Lucybriate","6/9/2022 1:26:00 PM","u20","4","1293.103","807",""
"Dr510963","S.122","True","Lucybriate","2/28/2022 12:24:00 PM","u 6","1","700","615",""
"Dr605","S.6","True","Lucybriate","2/28/2022 12:57:00 PM","u 10","200","15517.24","616",""
"Dr510964","S.103","True","Lucybriate","3/1/2022 6:54:00 AM","u 9","20","4741.379","618",""
"","S.16","True","","","u 10","183","14987.07","620","S.122"
"Dr510778","S.9","True","Lucybriate","6/25/2022 9:11:00 AM","u 10","200","26724","847",""
"Dr511009","S.103","True","Lucybriate","7/2/2022 6:35:00 AM","u20","4","1293.103","867",""
"Dr510967","S.103","False","","","u 9","20","112069","629",""
"Dr510967","S.60185","True","Rose","3/2/2022 7:23:00 AM","u 9","20","5431.035","634",""
"Dr510968","S.103","True","Lucybriate","3/2/2022 3:06:00 PM","u20","4","1293.103","635",""
"Dr510969","S.35","True","Rose","3/3/2022 11:06:00 AM","u 9","20","4500","637",""
"Dr593","S.103","True","Lucybriate","3/5/2022 9:32:00 AM","u20","4","1034.483","644",""
"Dr510864","S.9","True","Lucybriate","3/8/2022 3:40:00 PM","u 10","200","20258.62","649",""
"Dr510967","S.35","True","Lucybriate","3/8/2022 7:48:00 AM","u20","4","2629.31","646",""
"Dr510993","S.60166","True","Lucybriate","6/9/2022 1:26:00 PM","u20","4","1034.483","808",""
"Dr510971","S.7","True","Lucybriate","6/24/2022 8:16:00 AM","u 10","200","19396.55","843",""
"Dr510788","S.99","True","Lucybriate","3/11/2022 6:59:00 AM","u 10","200","19396.55","652",""
"Dr605","S.9","True","Lucybriate","3/11/2022 7:42:00 AM","u 10","200","21551.72","653",""
"Dr510994","S.6","True","Mary","6/13/2022 10:18:00 AM","u 10","200","20689.65","810",""
"Dr510843","S.103","True","Lucybriate","3/25/2022 10:17:00 AM","u 9","20","4482.759","677",""
"Dr593","S.60185","True","Rose","3/22/2022 12:42:00 PM","u20","4","2155.172","672",""
"","S.6","True","","","u 7","1","103.4483","811",""
"Dr510780","S.103","True","Lucybriate","2/22/2023 9:46:00 AM","u20","4","1100","969",""
"Dr510815","S.35","True","Mary","3/31/2022 7:30:00 AM","u 9","20","5431.035","696",""
"Dr510975","S.7","True","Rose","4/1/2022 8:30:00 AM","u 10","200","17672.41","697",""
"Dr510772","S.60185","True","Lucybriate","6/15/2022 7:57:00 AM","u20","4","1050","813",""
"Dr510772","S.103","True","Lucybriate","6/15/2022 7:57:00 AM","u20","4","1050","814",""
"Dr387","S.35","True","Mugure","4/1/2022 1:54:00 PM","u20","4","1034.483","702",""
"Dr510772","S.60166","True","Lucybriate","6/15/2022 7:57:00 AM","u20","4","1050","815",""
"Dr510977","S.9","True","Mary","4/5/2022 7:55:00 AM","u 10","200","24568.96","707",""
"Dr510978","S.103","True","Lucybriate","4/7/2022 6:08:00 AM","u 9","20","6034.483","715",""
"Dr510795","S.9","True","Lucybriate","4/6/2022 4:20:00 PM","u 10","200","24070","714",""
"","S.28","True","","","u 6","1","1000","868",""
"Dr510996","S.103","True","Lucybriate","6/16/2022 9:52:00 AM","u20","4","1293.103","818",""
"Dr510881","S.103","True","Lucybriate","4/8/2022 8:08:00 AM","u 9","20","4181.035","720",""
"Dr510979","S.103","False","","","u 9","20","7758.621","727",""
"","S.19","True","","","u 7","1","86.20689","723",""
"Dr510998","S.60166","True","Lucybriate","6/16/2022 1:11:00 PM","u20","4","1034.483","819",""
"Dr510979","S.103","True","Sarah","2/23/2023 2:09:00 PM","u20","4","1336.207","1055",""
"Dr510998","S.103","True","Lucybriate","6/16/2022 1:11:00 PM","u20","4","1293.103","820",""
"Dr510998","S.60185","True","Lucybriate","6/16/2022 1:12:00 PM","u20","4","1551.724","821",""
"Dr510999","S.60166","True","Lucybriate","6/16/2022 1:16:00 PM","u20","4","1034.483","822",""
"Dr511003","S.60166","True","Mugure","6/21/2022 9:47:00 AM","u20","4","689.6552","826",""
"Dr511003","S.60193","True","Mugure","6/21/2022 11:25:00 AM","u20","4","732.7586","830",""
"Dr511003","S.60185","True","Mugure","6/21/2022 11:25:00 AM","u20","4","862.069","831",""
"Dr511003","S.35","True","Mugure","6/21/2022 9:47:00 AM","u20","4","862.069","829",""
"Dr510956","S.7","True","Lucybriate","6/22/2022 11:47:00 AM","u 10","200","18275.86","833",""
"Dr471","S.7","True","Lucybriate","6/23/2022 7:31:00 AM","u 10","200","18500","838",""
"Dr471","S.9","True","Lucybriate","6/23/2022 7:31:00 AM","u 10","200","25500","839",""
"Dr510968","S.35","True","Mary","6/27/2022 10:32:00 AM","u20","4","1200","848",""
"","S.24","True","","","u 8","1","100","849",""
"Dr511005","S.103","True","Sarah","6/28/2022 12:54:00 PM","u 9","20","5431.035","852",""
"Dr511010","S.60233","True","Sarah","7/7/2022 8:39:00 AM","u20","1","431.0345","888",""
"","S.60233","True","","","u20","4","1724.138","890",""
"Dr511010","S.60185","True","Mary","7/5/2022 1:06:00 PM","u20","4","1724.138","878",""
"Dr510897","S.60193","True","Rose","7/6/2022 9:12:00 AM","u 8","4","1200","880",""
"Dr511006","S.150","True","Lucybriate","7/7/2022 7:26:00 AM","u 10","200","21550","881",""
"Dr511006","S.99","True","Lucybriate","7/7/2022 7:26:00 AM","u 10","200","19826","882",""
"","S.143","True","","","u 6","1","146.5517","892",""
"Dr511011","S.60193","True","Lucybriate","7/13/2022 11:03:00 AM","u20","4","1465.517","893",""
"Dr510805","S.103","True","Sarah","2/22/2023 10:02:00 AM","u 9","20","3793.104","975",""
"Dr510805","S.60166","True","Lucybriate","7/13/2022 1:06:00 PM","u 9","20","3879.31","896",""
"Dr510976","S.60185","True","Sarah","2/21/2023 1:00:00 PM","u 9","20","4310.345","947",""
"Dr510922","S.103","True","Sarah","2/25/2023 6:02:00 AM","u20","4","1034.483","1087",""
"Dr511014","S.60193","True","Rose","7/26/2022 8:57:00 AM","u 8","4","1200","904",""
"Dr511015","S.35","True","Rose","7/26/2022 8:53:00 AM","u20","4","1400","903",""
"Dr511014","S.60193","True","Sarah","7/26/2022 9:04:00 AM","u20","4","1200","905",""
"Dr511016","S.103","True","Mary","7/27/2022 12:52:00 PM","u 9","20","4741.379","907",""
"Dr511017","S.103","True","Sarah","7/28/2022 8:17:00 AM","u20","4","1293.103","908",""
"Dr511017","S.60185","True","Sarah","7/28/2022 8:17:00 AM","u20","4","1508.621","909",""
"Dr511019","S.8","True","Sarah","2/24/2023 8:03:00 AM","u 8","1","103.4499","1064",""
"","S.9","True","","","u 7","1","133.6207","912",""
"Dr510778","S.9","True","Lucybriate","2/17/2023 9:46:00 AM","u 7","1","133.62","914",""
"Dr510956","S.6","True","Sarah","2/21/2023 6:54:00 AM","u 10","200","18275.86","917",""
"Dr561","S.6","True","Sarah","2/21/2023 7:14:00 AM","u 10","200","17241.38","919",""
"Dr561","S.16","True","Sarah","2/21/2023 7:21:00 AM","u 10","183","17353.52","921",""
"Dr593","S.60185","True","Lucybriate","2/21/2023 7:59:00 AM","u 9","20","6034.483","926",""
"Dr369","S.9","True","Sarah","2/21/2023 9:49:00 AM","u 10","200","29310.35","934",""
"Dr510832","S.35","True","Lucybriate","3/8/2023 8:12:00 AM","u 9","20","6206.896","1139",""
"Dr511022","S.103","True","Sarah","2/22/2023 11:45:00 AM","u20","4","1724.138","976",""
"Dr510780","S.103","True","Lucybriate","3/6/2023 10:31:00 AM","u 9","20","1400","1129",""
"Dr510780","S.60166","True","Lucybriate","2/22/2023 6:57:00 AM","u 9","20","1400","954",""
"Dr423","S.6","True","Sarah","2/22/2023 11:59:00 AM","u 10","200","17931.04","977",""
"Dr511023","S.60185","True","Sarah","2/22/2023 12:14:00 PM","u20","4","1724.138","978",""
"Dr510789","S.150","True","Sarah","2/24/2023 6:37:00 AM","u 10","200","23275.86","1060",""
"Dr510789","S.9","True","Sarah","2/24/2023 6:37:00 AM","u 10","200","27586.21","1059",""
"Dr510732","S.6","True","Sarah","2/23/2023 5:28:00 AM","u 10","200","19396.55","983",""
"Dr511024","S.60185","True","Sarah","2/23/2023 5:44:00 AM","u 9","20","6465.517","984",""
"Dr511025","S.35","True","Sarah","2/23/2023 6:01:00 AM","u20","4","1551.724","986",""
"Dr511026","S.60166","True","Mary","2/23/2023 6:20:00 AM","u20","4","1336.207","987",""
"Dr511026","S.103","True","Mary","2/23/2023 6:24:00 AM","u20","4","1336.207","988",""
"Dr511028","S.103","True","Mary","2/23/2023 9:12:00 AM","u20","4","1206.897","1017",""
"Dr511029","S.60185","True","Sarah","2/23/2023 6:38:00 AM","u20","4","1551.724","991",""
"Dr511030","S.6","True","Sarah","2/23/2023 6:48:00 AM","u 10","200","18535","992",""
"Dr510908","S.60166","True","Sarah","2/23/2023 6:53:00 AM","u 9","20","4137.931","995",""
"","S.60253","True","","","u 6","1","200","996",""
"","S.60254","True","","","u 6","1","500","1000",""
"","S.60255","True","","","u 6","1","800","998",""
"Dr511032","S.60254","True","Sarah","2/23/2023 7:09:00 AM","u 6","1","500","1001",""
"Dr511033","S.103","True","Sarah","2/23/2023 7:11:00 AM","u20","4","948.2759","1004",""
"Dr510841","S.95","True","Mary","2/23/2023 7:18:00 AM","u 9","20","10775.86","1006",""
"Dr510841","S.103","True","Sarah","2/23/2023 1:04:00 PM","u 9","20","4310.345","1049",""
"Dr511034","S.6","True","Sarah","2/23/2023 7:45:00 AM","u 10","200","17241.38","1007",""
"Dr511035","S.60185","True","Sarah","2/23/2023 8:18:00 AM","u 9","20","5172.414","1009",""
"Dr511036","S.35","True","Sarah","2/23/2023 8:34:00 AM","u20","4","4","1011",""
"Dr511036","S.60166","True","Sarah","2/23/2023 8:34:00 AM","u20","4","4","1012",""
"Dr511038","S.103","True","Mary","2/23/2023 8:36:00 AM","u20","4","1293.103","1013",""
"Dr511038","S.60166","True","Mary","2/23/2023 8:36:00 AM","u20","4","1034.483","1014",""
"Dr511037","S.122","True","Lucybriate","2/23/2023 8:44:00 AM","u 6","1","500","1015",""
"Dr511039","S.60166","True","Sarah","2/23/2023 8:51:00 AM","u 10","200","36854.02","1016",""
"","S.103","True","","","u 10","200","45400","1018",""
"","S.60166","True","","","u 9","20","4913.79","1019",""
"Dr511039","S.60166","True","Sarah","2/23/2023 9:43:00 AM","u 9","20","4913.79","1021",""
"Dr511040","S.103","True","Mary","2/23/2023 9:30:00 AM","u 9","20","4310.345","1022",""
"Dr511040","S.103","True","Mary","2/23/2023 9:30:00 AM","u20","4","991.3793","1023",""
"Dr511040","S.60166","True","Mary","2/23/2023 9:30:00 AM","u20","4","948.2759","1024",""
"Dr511040","S.60166","True","Mary","2/23/2023 9:31:00 AM","u 9","20","4310.345","1025",""
"Dr511041","S.6","True","Sarah","2/23/2023 9:43:00 AM","u 10","200","20800","1026",""
"Dr511041","S.16","True","Sarah","2/24/2023 7:57:00 AM","u 10","183","17353.45","1063",""
"Dr511038","S.103","True","Mary","2/23/2023 10:20:00 AM","u 9","20","4741.379","1029",""
"Dr511042","S.103","True","Sarah","2/23/2023 10:22:00 AM","u 9","20","4310.345","1030",""
"Dr511043","S.35","True","Sarah","2/24/2023 9:16:00 AM","u20","4","1896.552","1072",""
"Dr511043","S.143","True","Sarah","2/23/2023 10:41:00 AM","u 6","1","172.4138","1032",""
"Dr511044","S.60185","True","Sarah","2/23/2023 10:53:00 AM","u 9","20","5172.414","1033",""
"Dr511045","S.103","True","Sarah","2/23/2023 11:01:00 AM","u 9","20","5172.414","1034",""
"Dr511045","S.35","True","Sarah","2/23/2023 11:07:00 AM","u 9","20","8620.689","1035",""
"Dr511046","S.103","True","Sarah","3/4/2023 9:31:00 AM","u 9","20","4612.069","1117",""
"Dr511046","S.60185","True","Sarah","3/4/2023 9:31:00 AM","u 9","20","4784.483","1118",""
"","S.41","True","","","u 8","1","400","1038",""
"","S.41","True","","","u 6","1","400","1039",""
"Dr290678","S.41","True","Sarah","2/23/2023 11:26:00 AM","u 8","1","400","1040",""
"","S.60210","True","","","u 6","1","400","1041",""
"Dr290678","S.60210","True","Sarah","2/23/2023 11:36:00 AM","u 6","1","400","1043",""
"Dr511047","S.103","True","Sarah","2/23/2023 12:06:00 PM","u20","4","1724.138","1044",""
"Dr511048","S.6","True","Sarah","2/23/2023 12:23:00 PM","u 10","200","19827.59","1045",""
"Dr510915","S.6","True","Sarah","2/23/2023 12:43:00 PM","u 10","200","17241.38","1047",""
"Dr511049","S.60185","True","Sarah","2/23/2023 12:49:00 PM","u 9","20","4310.345","1048",""
"Dr510841","S.60166","True","Sarah","2/23/2023 1:04:00 PM","u 9","20","4310.345","1050",""
"Dr511050","S.35","True","Sarah","2/23/2023 1:14:00 PM","u20","4","2844.828","1051",""
"Dr511051","S.9","True","Sarah","2/23/2023 1:21:00 PM","u 10","200","28448.28","1052",""
"Dr511052","S.35","True","Sarah","2/23/2023 1:50:00 PM","u 9","20","6896.552","1054",""
"Dr511053","S.103","True","Sarah","2/23/2023 2:19:00 PM","u 9","20","5603.448","1057",""
"Dr511054","S.35","True","Mary","2/24/2023 6:14:00 AM","u20","4","1551.724","1058",""
"Dr511055","S.103","True","Sarah","2/24/2023 8:17:00 AM","u 9","20","3448.276","1065",""
"Dr511056","S.6","True","Sarah","2/24/2023 8:29:00 AM","u 10","200","17672.41","1066",""
"Dr510908","S.103","True","Mary","2/24/2023 9:03:00 AM","u20","4","1034.483","1067",""
"Dr510841","S.103","True","Sarah","2/24/2023 9:04:00 AM","u20","4","948.2759","1068",""
"Dr510841","S.60166","True","Sarah","2/24/2023 9:04:00 AM","u20","4","948.2759","1069",""
"Dr511057","S.103","True","Mary","2/24/2023 9:11:00 AM","u20","4","1120.69","1070",""
"Dr511057","S.60166","True","Mary","2/24/2023 9:11:00 AM","u20","4","1120.69","1071",""
"Dr511043","S.103","True","Sarah","2/24/2023 9:16:00 AM","u 9","20","5172.414","1073",""
"Dr511058","S.60166","True","Mary","2/24/2023 9:46:00 AM","u20","4","1120.69","1079",""
"Dr511060","S.103","True","Mary","2/24/2023 10:18:00 AM","u20","4","1120.69","1080",""
"Dr511061","S.60185","True","Mary","2/24/2023 10:37:00 AM","u20","4","1379.31","1081",""
"Dr511062","S.103","True","Mary","2/24/2023 11:00:00 AM","u20","4","1120.69","1082",""
"Dr511063","S.103","True","Sarah","2/25/2023 7:04:00 AM","u20","4","991.3793","1093",""
"Dr511063","S.60166","True","Sarah","2/25/2023 7:04:00 AM","u20","4","991.3793","1094",""
"Dr511064","S.103","True","Mary","2/24/2023 11:52:00 AM","u20","4","1293.103","1085",""
"Dr511065","S.16","True","Mary","2/24/2023 1:16:00 PM","u 10","183","16406.9","1086",""
"Dr510922","S.60166","True","Sarah","2/25/2023 6:02:00 AM","u20","4","905.1724","1088",""
"Dr511063","S.103","True","Sarah","2/25/2023 7:04:00 AM","u20","1","258.6207","1091",""
"Dr511063","S.103","True","Sarah","2/25/2023 7:04:00 AM","u 9","20","4482.759","1092",""
"Dr511066","S.28","True","Mary","2/27/2023 9:26:00 AM","u 6","1","1000","1095",""
"","S.10","True","","","u 10","200","28448.28","1098",""
"Dr510966","S.10","True","Sarah","3/3/2023 5:59:00 AM","u 10","200","28448.28","1099",""
"Dr511069","S.60185","True","Sarah","3/3/2023 6:29:00 AM","u 9","20","5775.862","1101",""
"Dr511070","S.103","True","Sarah","3/3/2023 7:01:00 AM","u 9","20","5000","1104",""
"Dr511071","S.16","True","Sarah","3/3/2023 7:18:00 AM","u 10","183","19404.31","1105",""
"Dr511072","S.16","True","Lucybriate","3/3/2023 8:19:00 AM","u 10","183","18142.24","1109",""
"Dr510889","S.103","True","Lucybriate","3/3/2023 8:57:00 AM","u20","4","1034.483","1111",""
"Dr511062","S.103","True","Lucybriate","3/6/2023 6:51:00 AM","u 9","20","4741.379","1120",""
"Dr511049","S.103","True","Lucybriate","3/6/2023 8:12:00 AM","u 9","20","4310.345","1121",""
"Dr511068","S.103","True","Lucybriate","3/6/2023 9:00:00 AM","u 9","20","4482.759","1122",""
"Dr511068","S.60166","True","Lucybriate","3/6/2023 9:00:00 AM","u 9","20","4482.759","1123",""
"Dr511068","S.103","True","Lucybriate","3/6/2023 9:00:00 AM","u20","4","991.3793","1124",""
"Dr511068","S.60166","True","Lucybriate","3/6/2023 9:00:00 AM","u20","4","991.3793","1125",""
"Dr511068","S.60193","True","Lucybriate","3/6/2023 9:00:00 AM","u20","4","1034.483","1126",""
"Dr511068","S.60185","True","Lucybriate","3/6/2023 9:00:00 AM","u20","4","1163.793","1127",""
"Dr510780","S.60185","True","Lucybriate","3/6/2023 10:31:00 AM","u 9","20","1400","1130",""
"Dr510741","S.150","True","Lucybriate","3/6/2023 1:34:00 PM","u 10","200","23275.86","1134",""
"","S.89","True","","","u 10","183","17668.96","1136",""
"Dr511074","S.89","True","Sarah","3/6/2023 2:04:00 PM","u 10","183","17668.96","1137",""
"Dr511027","S.150","True","Lucybriate","3/8/2023 12:17:00 PM","u 10","200","25862.07","1140",""
